VenueID,ManagerID,VenueName,Address,MaxCapacity
1,951,Flashpoint,60 Service Point,193
2,234,Voonte,5183 New Castle Pass,98
3,605,Jabbertype,092 Sutteridge Avenue,103
4,830,Kayveo,761 Express Lane,258
5,308,Bubblebox,1750 John Wall Park,265
6,684,Shufflester,44799 Orin Place,179
7,202,Edgepulse,398 Sachtjen Parkway,232
8,283,Thoughtsphere,363 Mifflin Place,160
9,679,Meevee,49 Ramsey Circle,282
10,796,Ntags,4625 Heffernan Crossing,276
11,484,Snaptags,12119 Kropf Terrace,242
12,480,Rhyloo,4 Birchwood Street,241
13,910,Yambee,95 Dapin Park,135
14,651,Meevee,72028 Ludington Parkway,289
15,149,Kayveo,248 Dawn Center,234
16,743,BlogXS,82 Riverside Parkway,272
17,675,Bluezoom,826 Ronald Regan Drive,214
18,523,Dazzlesphere,8 Forest Dale Trail,260
19,690,Zooxo,37781 Dunning Crossing,183
20,996,Meemm,7487 Hooker Lane,80
21,469,Oodoo,6894 Lake View Way,253
22,197,Trudeo,82 Heffernan Circle,247
23,522,Talane,14 Eagan Parkway,94
24,765,Yozio,557 Waxwing Plaza,84
25,619,Photobean,8 Fuller Park,139
26,619,Skaboo,3699 Spohn Drive,189
27,709,Yakidoo,314 Kenwood Drive,120
28,399,Pixonyx,6239 Dunning Place,111
29,130,Minyx,2022 Ryan Way,259
30,630,Zazio,22 Briar Crest Alley,167
31,715,Devpulse,9 Ridgeview Pass,234
32,148,Voolia,68 Old Gate Hill,226
33,567,Realbuzz,0160 Drewry Plaza,284
34,672,Eimbee,387 Fuller Court,289
35,34,Youtags,0604 Holy Cross Alley,112
36,989,Camimbo,282 Porter Avenue,238
37,119,Skidoo,605 Debra Drive,282
38,333,Edgeclub,003 Daystar Parkway,124
39,903,Vimbo,593 2nd Pass,255
40,952,Mudo,945 Arizona Plaza,206
41,367,Realcube,76274 Warbler Pass,167
42,124,Viva,9 Marcy Point,223
43,963,Omba,5 Sugar Circle,225
44,281,Meezzy,780 Scott Park,256
45,679,Twinder,582 Scott Place,146
46,403,Tavu,4 Stone Corner Drive,119
47,585,Agivu,44 Buhler Point,279
48,19,Yadel,5 Sachs Lane,97
49,945,Meezzy,1 Kim Trail,93
50,41,Riffwire,9 Westport Road,232
51,260,Skivee,7 Old Gate Junction,255
52,782,Jetwire,0 Tennessee Crossing,140
53,235,Nlounge,787 Saint Paul Avenue,249
54,242,Jayo,446 Amoth Pass,276
55,556,Roombo,11307 Holy Cross Court,172
56,503,Fivespan,1 Haas Trail,268
57,919,Latz,24129 Buell Avenue,279
58,716,Divape,3500 Veith Junction,166
59,637,Topicshots,2 Clove Place,267
60,926,Skyba,5 Village Lane,253
61,819,Thoughtbridge,22481 Village Way,252
62,51,Skidoo,45 Chive Circle,115
63,717,Thoughtstorm,71585 Knutson Park,123
64,320,Thoughtmix,16932 Kennedy Drive,90
65,410,Lazz,36 Melvin Trail,209
66,333,Wordify,8801 Lien Drive,156
67,384,Roodel,068 Packers Hill,106
68,655,Twitterbeat,8484 Nobel Lane,265
69,984,Plambee,472 Mcguire Court,141
70,143,Jaxworks,01 Gulseth Alley,240
71,88,Wikizz,72 Pond Center,111
72,133,Lajo,9 Bluestem Lane,146
73,214,Zooxo,845 4th Way,161
74,258,Yakijo,0029 Sutherland Road,165
75,663,Wikido,92132 Forest Drive,188
76,246,Livefish,8897 Ridgeview Junction,94
77,481,Kazio,9 Bashford Way,223
78,860,Blogtags,25592 Briar Crest Park,83
79,908,Kimia,090 Clyde Gallagher Pass,109
80,942,Divanoodle,226 Manley Street,237
81,26,Riffpath,47 Pennsylvania Crossing,98
82,686,Blognation,2938 Sunfield Pass,143
83,304,Blogpad,9895 Lake View Street,163
84,75,Dynava,6890 Donald Hill,219
85,614,Ntags,59 Village Way,244
86,156,Babblestorm,50 Lakewood Gardens Hill,213
87,251,Shuffledrive,7207 Farragut Crossing,277
88,315,Izio,4358 3rd Street,132
89,679,Voonte,646 Maywood Place,213
90,685,Yodel,22 Schurz Park,97
91,529,Flashspan,1 Pearson Park,197
92,776,Gabtune,60528 Bartelt Center,125
93,957,Photobug,9 Hayes Alley,215
94,453,Topicblab,7472 Summerview Trail,235
95,932,Voomm,25009 Arkansas Way,208
96,111,Twitterbeat,0 Dawn Parkway,133
97,775,Ainyx,02879 Carey Court,80
98,280,Gabcube,546 Hoard Parkway,253
99,722,Devpoint,99 Westend Drive,201
100,969,Yodo,4034 Nancy Lane,133
101,533,Wikizz,8934 Clove Circle,174
102,158,Feedfire,09035 Sullivan Way,258
103,84,Zooveo,8754 Basil Park,151
104,192,Zoomcast,62 Twin Pines Park,280
105,504,Zava,9 Reindahl Point,288
106,210,Thoughtstorm,40750 Corben Pass,105
107,649,Skipstorm,69 Vahlen Alley,240
108,349,Dynabox,3 Packers Park,130
109,690,Centidel,0 Briar Crest Trail,95
110,155,Aibox,93260 Springs Circle,164
111,791,Meezzy,602 Summer Ridge Place,234
112,530,Realfire,00 Rockefeller Drive,207
113,629,Wikizz,2 Loftsgordon Avenue,96
114,314,Abata,04 Lakeland Trail,162
115,64,Buzzster,6 Spaight Road,126
116,90,Flipstorm,3 Burrows Junction,255
117,305,Shufflebeat,61 Killdeer Crossing,248
118,89,Brainsphere,1 Hallows Crossing,249
119,196,Podcat,7151 Vahlen Junction,82
120,741,Meezzy,15676 Ramsey Terrace,170
121,458,Feednation,5854 Corry Park,95
122,669,Youtags,4 Barby Plaza,128
123,890,Kamba,065 Anderson Point,269
124,683,Linkbuzz,48 Luster Lane,204
125,231,Realcube,60027 Acker Hill,254
126,860,Avavee,31578 Towne Avenue,131
127,922,Omba,3079 Orin Circle,203
128,625,Skipstorm,8238 Mcguire Alley,150
129,952,Aimbu,07 Lukken Point,106
130,322,Yamia,8114 Dovetail Point,122
131,849,Lajo,8 Pennsylvania Hill,175
132,379,Podcat,45565 Fuller Point,204
133,554,Yakitri,003 Ruskin Hill,134
134,639,Lajo,768 Darwin Hill,216
135,13,Buzzbean,095 Independence Way,271
136,533,Fadeo,6 Heffernan Alley,181
137,916,Gigazoom,12 Quincy Plaza,119
138,617,Tazzy,4346 Cherokee Junction,168
139,264,Mybuzz,439 Sauthoff Drive,271
140,391,Meeveo,2626 Londonderry Way,227
141,123,Divanoodle,58 Farwell Lane,209
142,941,Eazzy,41 Blackbird Court,148
143,36,Leenti,13359 Nelson Alley,154
144,485,Izio,85 Iowa Center,277
145,460,Meevee,69 Cody Circle,180
146,304,Yakitri,20 Haas Court,117
147,527,Yakitri,72 Bultman Avenue,89
148,726,Tagpad,68 Larry Place,200
149,207,Thoughtmix,65 Esch Place,205
150,654,Vimbo,60208 Holmberg Hill,138
151,503,Brainverse,2 Rowland Court,186
152,839,Latz,86311 Boyd Road,214
153,848,Meezzy,4 Algoma Court,152
154,987,Avamba,95458 Schlimgen Drive,248
155,359,Leexo,6966 Grasskamp Point,138
156,996,Wordware,975 Brown Point,221
157,932,Blogpad,7 Scoville Court,185
158,136,Flashdog,93431 Raven Terrace,142
159,847,Yata,700 Bowman Center,199
160,437,Teklist,14 West Parkway,190
161,632,Dabvine,53 Colorado Trail,158
162,599,Mudo,97 Menomonie Street,295
163,38,Gabvine,291 Harper Drive,138
164,585,BlogXS,08 Old Shore Place,294
165,29,Ailane,789 Northfield Place,150
166,205,Linkbridge,50 Nova Lane,262
167,389,Divanoodle,132 Toban Pass,299
168,569,Twitterbridge,226 Gulseth Alley,154
169,889,Lazzy,06123 Haas Parkway,134
170,805,Youfeed,323 Jackson Court,169
171,379,Tagfeed,5473 Hintze Road,173
172,273,Zooxo,467 Monterey Park,300
173,716,Trunyx,13971 Kedzie Hill,121
174,295,Trunyx,5512 Elgar Junction,285
175,825,Fliptune,03504 Transport Avenue,188
176,527,Realpoint,18698 Wayridge Alley,145
177,302,Twimbo,943 Dovetail Center,150
178,839,Lazz,44 John Wall Crossing,282
179,954,Fanoodle,1070 Portage Center,218
180,207,Browseblab,62771 Ohio Circle,120
181,664,Photobug,3 Park Meadow Drive,153
182,214,Teklist,12011 Coleman Place,205
183,262,Voonix,060 Goodland Place,187
184,884,Skiba,7167 Kedzie Pass,178
185,118,Yakidoo,53815 Loomis Lane,228
186,818,Buzzster,84589 Northport Plaza,180
187,637,Twitterwire,81 Manley Pass,123
188,441,Feedbug,30 Chinook Street,201
189,80,Eadel,629 Heath Place,204
190,931,Wikizz,0188 Schiller Court,160
191,423,Shufflester,0 Upham Hill,279
192,55,Izio,4 Stuart Avenue,142
193,868,Devcast,166 Veith Lane,200
194,161,Trilia,73 Golf View Terrace,262
195,548,Avamba,7 Longview Center,123
196,696,Jabbercube,21803 Stoughton Pass,141
197,87,Skyba,2 Ruskin Terrace,139
198,978,Yakidoo,5 Gateway Point,183
199,723,Oodoo,469 Michigan Alley,112
200,515,Meemm,97726 Dapin Park,123
201,540,Eazzy,6 Pennsylvania Road,263
202,731,Realbuzz,2 Heffernan Street,221
203,339,BlogXS,4851 Hanson Pass,218
204,161,Trudeo,03677 Transport Junction,171
205,48,Jayo,85128 Elgar Crossing,265
206,490,Wordtune,8 Shoshone Junction,267
207,892,Skipfire,4973 Brown Drive,125
208,945,Wikido,10 Hollow Ridge Terrace,104
209,662,Brainlounge,606 Dottie Point,218
210,931,Miboo,08 Bonner Crossing,142
211,417,Fivespan,15 Holy Cross Place,82
212,724,Rooxo,24541 Manitowish Road,244
213,529,Flipopia,24 Northridge Hill,218
214,757,Eare,5504 Bluejay Park,269
215,303,Skipstorm,3626 Tennessee Drive,170
216,744,Quamba,96555 Schlimgen Street,153
217,817,Blognation,66 Rieder Point,101
218,981,Skiba,35 Algoma Parkway,239
219,973,Lazz,8458 Shoshone Trail,192
220,933,Gabspot,1653 International Road,146
221,112,JumpXS,076 Westridge Way,190
222,32,Livefish,5458 Scott Trail,108
223,338,Quatz,035 Paget Court,271
224,410,Aibox,3 Carpenter Crossing,121
225,41,Aimbo,1 Dakota Terrace,228
226,316,Dynava,36 Dawn Trail,151
227,656,Brainbox,033 Sheridan Place,158
228,498,Tanoodle,84527 Hoard Parkway,227
229,935,Topiclounge,9474 Melrose Point,203
230,941,Blogtags,5102 Butternut Hill,123
231,945,Skyvu,043 Service Pass,294
232,486,Yata,3708 Coleman Drive,196
233,533,Skyndu,6474 Golf Parkway,295
234,964,Shuffletag,6979 Lyons Pass,179
235,62,Cogilith,4 Scott Court,124
236,695,Dazzlesphere,961 Anzinger Court,167
237,377,Realbridge,3568 Oneill Way,141
238,468,Photobug,7 Scott Pass,148
239,8,Abatz,89950 Warbler Parkway,143
240,492,Tagpad,3031 Wayridge Way,98
241,341,Voonix,615 Nancy Hill,223
242,594,Cogilith,2 Hovde Lane,173
243,244,Voolith,92577 Reindahl Drive,246
244,362,Zoovu,65858 Acker Plaza,225
245,617,Twiyo,0 Loomis Junction,286
246,517,Edgepulse,88239 Reindahl Point,150
247,870,Rhyloo,63 Nova Terrace,166
248,472,Tanoodle,06 Westerfield Court,101
249,939,Skippad,4862 Sommers Park,126
250,519,Thoughtbeat,676 La Follette Court,182
251,152,Fatz,0725 Manitowish Place,286
252,591,Skivee,66326 Evergreen Park,186
253,818,Oyoyo,856 Havey Crossing,150
254,765,Topiczoom,4 Gerald Lane,254
255,60,Eabox,5 Daystar Pass,173
256,523,Trudoo,4825 Garrison Terrace,226
257,634,Zoovu,6 Summerview Drive,144
258,142,Wikivu,34 Linden Junction,238
259,726,Thoughtstorm,50533 Mifflin Plaza,263
260,178,Nlounge,6 Evergreen Point,256
261,241,Dynabox,1 Dakota Court,191
262,248,Avamba,684 Burrows Lane,254
263,570,Avaveo,390 Delaware Place,273
264,426,Blogtag,52113 Mallory Place,118
265,660,Kazio,9 Magdeline Park,167
266,682,Browsezoom,163 Kinsman Street,295
267,48,Tambee,92 Bonner Hill,297
268,142,Latz,27 Crescent Oaks Court,183
269,942,Cogidoo,99 Cherokee Park,172
270,414,Edgewire,7762 Brickson Park Street,206
271,571,Babbleblab,365 Truax Terrace,159
272,954,Yozio,1 Glendale Drive,283
273,321,Kamba,9 Lakewood Plaza,157
274,113,Yodoo,18722 Pierstorff Trail,91
275,476,Livetube,43 Stuart Way,131
276,502,Jamia,7 Nevada Avenue,298
277,427,Voonyx,3 Center Road,118
278,861,Zoomlounge,64 Talmadge Circle,165
279,331,Mymm,098 Ilene Drive,89
280,955,Trilia,605 Bashford Lane,133
281,171,Divape,67579 Loomis Lane,294
282,694,Tagtune,1939 Havey Crossing,204
283,759,Latz,0791 Kings Road,162
284,342,Topicstorm,07091 Di Loreto Pass,277
285,741,Youtags,42767 Ilene Center,291
286,547,JumpXS,5 Oakridge Place,130
287,144,Eamia,4 Kensington Park,138
288,829,Demivee,302 Banding Way,108
289,415,Kaymbo,13807 Sommers Park,245
290,168,Chatterpoint,1676 North Terrace,270
291,309,Meembee,27 Ridgeway Court,295
292,313,Reallinks,5144 Canary Junction,98
293,309,Skimia,09 Corben Crossing,106
294,771,Devify,596 Florence Way,237
295,164,Shuffledrive,5 Caliangt Center,173
296,669,Jayo,02781 Merchant Hill,282
297,890,Cogidoo,01863 Esch Alley,197
298,815,Jetpulse,44651 Harper Way,131
299,932,Twimbo,36949 Fuller Circle,286
300,993,Edgeclub,60 Melody Street,89
301,318,Livefish,06 Corry Alley,153
302,752,Shufflebeat,451 Kinsman Way,283
303,916,Devbug,1513 Rieder Drive,157
304,715,Buzzster,50159 Pleasure Junction,176
305,752,Realcube,747 Almo Pass,215
306,347,Chatterpoint,51 Bartillon Crossing,164
307,222,Babblestorm,9 Hudson Way,130
308,273,Bluezoom,43403 Kropf Drive,257
309,830,Kwideo,7920 Loftsgordon Point,212
310,576,Aibox,0 Esker Hill,142
311,945,Yoveo,82 Luster Avenue,236
312,257,Tambee,4255 Wayridge Center,271
313,332,Skimia,032 Alpine Center,268
314,645,Yadel,49 Butternut Plaza,159
315,344,Jabbercube,9 Fairfield Circle,97
316,241,Youfeed,9746 Cottonwood Crossing,261
317,219,Trupe,3781 Monica Parkway,115
318,255,Jabbertype,41 Londonderry Avenue,269
319,818,Realcube,2357 Hayes Junction,149
320,525,Npath,941 Briar Crest Drive,225
321,138,Bubblebox,4 Northfield Court,127
322,887,Devpulse,26 Hagan Lane,132
323,423,Twitterlist,13 Buena Vista Center,141
324,273,Youopia,18622 Scoville Way,174
325,261,Ailane,06796 Fordem Park,143
326,113,Yodel,9488 Dottie Junction,293
327,262,Flashdog,87 Warbler Parkway,92
328,978,Linktype,0126 Cody Place,113
329,181,Voomm,78864 Hintze Alley,128
330,65,Demimbu,0316 Novick Trail,126
331,611,Kazu,212 Main Place,291
332,19,Quamba,072 Hanover Way,253
333,722,Mynte,23625 Kropf Way,240
334,68,Zoombeat,3723 Becker Drive,216
335,863,Bubblemix,35 Roth Terrace,96
336,261,Livetube,93 Spenser Point,88
337,666,Dabshots,248 Kingsford Center,163
338,619,Flipopia,46786 Bowman Hill,134
339,840,Realbuzz,76 Hooker Street,283
340,887,Feedmix,0865 Milwaukee Junction,156
341,967,Buzzbean,464 Everett Point,173
342,280,Quatz,823 Warner Pass,140
343,974,Twitterbeat,1834 Algoma Park,177
344,240,Fivebridge,146 West Point,227
345,926,Gabtype,67539 Continental Terrace,131
346,447,Oyope,692 Mandrake Lane,215
347,515,Demivee,2 Westend Circle,287
348,694,Leexo,8 Lakewood Crossing,154
349,38,Bluezoom,73 Charing Cross Drive,90
350,768,Avavee,09 Maple Point,237
351,513,Fiveclub,1273 Anthes Center,182
352,914,BlogXS,5 Stuart Parkway,104
353,480,Devpoint,26277 Burrows Junction,222
354,362,Mydo,65 Macpherson Street,133
355,883,Skaboo,793 Memorial Trail,156
356,750,Divanoodle,75 Green Point,266
357,218,Kwilith,7 Namekagon Terrace,102
358,63,Centimia,94454 Stuart Way,248
359,860,Buzzdog,8 Superior Park,282
360,897,Brainbox,120 Rutledge Drive,84
361,504,Jabbersphere,675 Fairview Alley,177
362,830,Linklinks,652 Sundown Circle,128
363,405,Voonyx,466 Havey Lane,154
364,866,Realcube,175 Blue Bill Park Circle,276
365,548,Roomm,25 Bowman Place,190
366,37,Kwimbee,02873 Kipling Parkway,88
367,692,Kazio,9 Cambridge Road,159
368,659,Zoombox,462 Moose Drive,197
369,807,Voomm,62 Chinook Alley,244
370,276,Zoomcast,4052 Shelley Pass,243
371,378,Quamba,790 Onsgard Center,107
372,772,Vidoo,51 Lake View Street,299
373,170,Oodoo,3113 Talisman Junction,126
374,483,Dazzlesphere,19 Dayton Crossing,110
375,845,Roombo,9695 Morning Court,275
376,264,Voonte,58178 Emmet Court,267
377,157,Twitterwire,8215 Moulton Drive,226
378,578,Eayo,6 Manufacturers Way,95
379,390,Kimia,55 Saint Paul Point,216
380,334,Zoombeat,88 Graedel Court,260
381,772,Rooxo,20 International Point,104
382,156,Zoonder,6567 Mccormick Plaza,204
383,550,Jaxworks,937 Anderson Trail,134
384,210,Topiclounge,250 Cordelia Avenue,141
385,78,Divape,26 Dorton Crossing,262
386,516,Browseblab,47582 Twin Pines Center,87
387,443,Wordpedia,71 Hanover Street,123
388,990,Youbridge,8 Golf Course Way,274
389,822,Vinder,2 Manitowish Road,163
390,536,Omba,046 Stoughton Hill,136
391,209,Edgeify,314 Ruskin Trail,101
392,598,Browsetype,3997 Summer Ridge Park,115
393,21,Twitterwire,99 Marquette Pass,170
394,449,Eare,57155 Sauthoff Way,198
395,434,Topiclounge,790 John Wall Plaza,198
396,320,Meedoo,46764 Claremont Terrace,103
397,855,Yata,6889 Clove Plaza,141
398,497,Buzzdog,5606 Fuller Avenue,240
399,669,Wikido,7 Westend Street,248
400,415,Plajo,0643 Pepper Wood Point,207
401,855,Aimbo,481 Lerdahl Drive,290
402,392,Trudoo,6964 Manufacturers Street,247
403,431,Eamia,08 Lotheville Place,90
404,478,Flipopia,50230 Holy Cross Point,207
405,102,Topicshots,13 Kedzie Park,233
406,660,Meejo,63 Maywood Hill,205
407,399,Kwideo,31360 Scofield Court,199
408,681,Gigazoom,7 Emmet Center,156
409,419,Roodel,050 Anniversary Lane,291
410,401,Mybuzz,42 Forest Dale Lane,105
411,327,Youopia,53 Toban Junction,274
412,568,Photofeed,48481 Dahle Junction,100
413,209,InnoZ,787 Vera Alley,170
414,858,Trunyx,547 Garrison Court,277
415,831,Twimbo,42 Continental Court,206
416,475,Pixonyx,1320 Buhler Junction,169
417,55,Zoonoodle,220 Esch Junction,114
418,326,Gabcube,4583 Alpine Crossing,157
419,514,Fiveclub,47314 Twin Pines Court,125
420,575,Fivechat,42 Schlimgen Circle,228
421,412,Camido,91966 Dunning Hill,300
422,68,Avavee,778 Sommers Way,198
423,61,Realblab,83861 Buell Hill,123
424,979,Meembee,22208 Northview Trail,172
425,272,Pixope,39804 Grim Alley,234
426,865,Rhyzio,1 Carey Circle,152
427,517,Topiczoom,42763 Namekagon Lane,130
428,15,Jaxspan,0 American Avenue,188
429,604,Brightdog,945 Lerdahl Crossing,205
430,148,Thoughtstorm,09384 Atwood Park,130
431,233,Meetz,5 Cambridge Place,254
432,478,Dabshots,77 Bartillon Lane,237
433,792,Yoveo,1 Raven Point,278
434,144,Oyonder,2534 Lukken Alley,105
435,921,Riffpedia,967 Garrison Trail,207
436,690,Oyonder,2 Bobwhite Way,167
437,829,Wikibox,83 Vidon Circle,285
438,89,Aimbu,0 Thackeray Crossing,86
439,3,Lajo,9193 Mosinee Street,206
440,17,Wikido,4458 Pine View Trail,173
441,206,Tavu,03 New Castle Drive,300
442,336,Kwilith,40471 Prairie Rose Lane,126
443,626,Mymm,743 Bluejay Center,197
444,704,Devbug,9691 Sundown Center,221
445,111,Jaloo,7 Manufacturers Drive,242
446,566,Blogpad,67228 6th Center,197
447,837,Kazio,35 Aberg Road,119
448,320,Mybuzz,6 Almo Plaza,181
449,158,Browsecat,1 Esch Road,144
450,207,Tambee,84580 International Place,93
451,680,Kazu,2803 Pine View Street,113
452,355,Lajo,17 4th Avenue,124
453,514,Tagtune,024 Prairieview Junction,269
454,82,Innotype,0397 International Alley,297
455,521,Wordpedia,976 Elgar Court,106
456,761,Gabtune,92216 Bayside Plaza,86
457,542,Yodo,48666 Welch Drive,228
458,450,Skilith,24866 Carpenter Court,242
459,386,Brainbox,01 Thompson Plaza,107
460,735,Yombu,4 Sheridan Plaza,187
461,997,Trudoo,6459 Maywood Hill,144
462,445,Demimbu,4 Stang Center,192
463,419,Flashset,54740 Fieldstone Alley,223
464,807,Oyondu,75569 Derek Way,293
465,469,Photobug,4738 Cottonwood Junction,166
466,382,Realblab,828 Glacier Hill Junction,198
467,371,Avamm,8 Bowman Circle,174
468,98,Vitz,56109 Browning Circle,150
469,743,Kwimbee,26 Swallow Street,90
470,597,Youspan,2847 Lighthouse Bay Park,209
471,604,Gigabox,5799 Haas Avenue,247
472,938,Thoughtworks,9038 Sommers Hill,147
473,37,Avamba,81 Summit Road,88
474,476,Centimia,55 Granby Court,89
475,855,Wikibox,71 Lotheville Drive,162
476,272,Jaxspan,5 Reinke Court,169
477,915,Mybuzz,52224 Magdeline Road,223
478,322,DabZ,824 John Wall Avenue,188
479,806,InnoZ,8 Mcbride Terrace,101
480,234,Camimbo,842 Anhalt Drive,164
481,397,Eabox,3 Morningstar Terrace,275
482,638,Skyndu,9646 Sachtjen Junction,267
483,92,Skiptube,9 Sunfield Circle,93
484,164,Wordtune,60684 7th Center,276
485,112,Youspan,0355 Sage Park,177
486,276,Browsezoom,22 Grasskamp Terrace,299
487,933,Janyx,927 Novick Way,170
488,271,Zoomcast,42719 Saint Paul Street,185
489,353,Eadel,0486 Lillian Park,271
490,773,Zoomzone,886 Warbler Point,295
491,268,Yodel,1 Katie Park,83
492,963,Flipstorm,6110 Corscot Lane,218
493,641,Zooxo,09 5th Hill,273
494,85,Janyx,03 Truax Trail,167
495,627,Zoombox,93628 Northridge Plaza,173
496,984,Kamba,9 Vernon Avenue,297
497,930,Twitterbridge,5678 Dexter Lane,290
498,189,Trudeo,747 Mccormick Drive,188
499,448,Quaxo,59737 Sutteridge Circle,166
500,288,Twitterworks,78393 New Castle Point,253
501,762,Thoughtblab,8 Eastlawn Lane,123
502,297,Skyble,4 Havey Plaza,238
503,391,Tazz,07748 Stang Crossing,87
504,628,Realbridge,90922 Redwing Park,195
505,101,Meevee,02278 Eliot Park,182
506,506,Meembee,88372 Stephen Street,285
507,911,Edgepulse,97 Little Fleur Road,216
508,79,Chatterbridge,5779 Clarendon Trail,92
509,479,Jabbersphere,565 Loftsgordon Plaza,172
510,888,Twitterlist,50 Stone Corner Hill,212
511,342,Jetpulse,4559 Golf View Place,294
512,838,Dabtype,48251 Oak Valley Plaza,223
513,249,Omba,1 Anhalt Hill,212
514,646,Layo,9 Ludington Road,191
515,900,Buzzshare,5 Erie Pass,183
516,912,Jazzy,3146 Pearson Hill,151
517,329,Wikido,60 Arapahoe Lane,204
518,460,Quimm,43 Upham Terrace,168
519,177,Zoombox,5 Hoepker Drive,112
520,99,Twitterbeat,27 Tomscot Plaza,182
521,780,Livetube,83 Veith Court,115
522,842,Mybuzz,20 Acker Road,245
523,614,Camimbo,0 Packers Alley,161
524,584,Linktype,60615 Crescent Oaks Avenue,147
525,837,Kimia,9795 Lerdahl Place,249
526,234,Shuffledrive,03112 Little Fleur Hill,292
527,423,Cogibox,9366 Barby Parkway,116
528,784,Dynava,39 Barby Court,109
529,866,Brainbox,25 Sullivan Parkway,130
530,141,Brainlounge,691 Commercial Lane,137
531,558,Thoughtbeat,3 Declaration Road,186
532,574,Skidoo,3 Bonner Plaza,300
533,530,Demimbu,894 Colorado Hill,85
534,19,Vinder,92 Dryden Terrace,200
535,776,Dazzlesphere,53 Maple Lane,203
536,752,Rhycero,90055 Bowman Lane,104
537,717,Zoovu,7 Myrtle Trail,115
538,216,Centidel,05034 Westend Center,244
539,456,Kwimbee,76367 Orin Point,95
540,136,Yotz,06 Nobel Lane,82
541,541,Twitterbridge,55 Golden Leaf Circle,152
542,890,Yozio,2259 Eliot Street,211
543,481,Skyvu,3 Montana Junction,106
544,462,Einti,178 Homewood Plaza,92
545,11,Realpoint,196 Boyd Street,251
546,51,Wikizz,01 Barby Center,108
547,897,Rhynoodle,124 Vidon Way,124
548,637,Jayo,387 Rockefeller Terrace,221
549,716,Dabjam,73 Lawn Road,192
550,178,Browsetype,428 Union Place,252
551,647,Dabjam,9380 Sunfield Lane,296
552,975,Skyndu,06701 Monterey Park,224
553,244,Buzzster,489 Towne Crossing,141
554,439,Minyx,52 Valley Edge Plaza,125
555,582,Rhybox,1544 Bartillon Terrace,288
556,686,Dabjam,95 North Park,284
557,214,Meejo,036 Utah Parkway,142
558,465,Yoveo,53 Kensington Drive,224
559,488,Voonyx,604 Rutledge Court,160
560,638,Skidoo,66 Fieldstone Way,255
561,412,Jaxworks,09 Algoma Point,232
562,203,Tagpad,12 Becker Hill,112
563,452,Vidoo,3 Pierstorff Junction,178
564,540,Devbug,4168 Express Alley,286
565,770,Latz,49 Del Sol Road,240
566,454,Eimbee,789 Mitchell Court,154
567,59,Realfire,78 School Avenue,229
568,973,Youspan,023 3rd Trail,148
569,592,Dabfeed,6140 Claremont Plaza,289
570,967,Abata,1 Merchant Crossing,267
571,504,Yozio,09 East Way,130
572,236,Teklist,54 Morning Park,288
573,448,Zoomlounge,993 Bashford Drive,238
574,588,Rhyzio,4727 Eagan Pass,186
575,659,Voonte,458 Pearson Circle,100
576,781,Innojam,203 Stang Terrace,239
577,391,Devify,9 Holmberg Parkway,92
578,735,Oyoyo,817 Clyde Gallagher Alley,293
579,998,Yakijo,42856 Pepper Wood Circle,211
580,830,Quimba,0614 Bartillon Lane,82
581,108,Rooxo,554 Summerview Pass,106
582,43,Trupe,5193 Crownhardt Circle,182
583,936,Thoughtsphere,969 Cardinal Drive,172
584,443,Tagopia,65 Autumn Leaf Hill,259
585,754,Jatri,45 Banding Avenue,133
586,153,Twitterlist,409 Randy Trail,204
587,412,Dabfeed,97 Rowland Avenue,138
588,713,Yabox,150 Toban Parkway,98
589,662,Yamia,29277 Nova Alley,272
590,706,Yadel,58 Anthes Plaza,298
591,384,Tekfly,1 Meadow Valley Street,292
592,7,Fivechat,5 Granby Road,108
593,301,Realblab,700 Scott Way,120
594,753,Avamba,0911 Browning Terrace,154
595,395,Zoonder,326 Glendale Road,119
596,886,Voomm,4907 Acker Road,180
597,995,Flashdog,57 Sunnyside Point,229
598,576,Babblestorm,67971 Westerfield Place,236
599,757,Flipstorm,7271 Karstens Terrace,242
600,594,Voonyx,3 Dahle Road,87
601,761,Thoughtsphere,83705 Manufacturers Center,232
602,751,Dabvine,030 Scofield Junction,100
603,417,Eidel,66 Merry Plaza,298
604,58,Demivee,88112 Lukken Park,257
605,454,Photospace,5 Westport Court,106
606,62,Photobean,9374 Stuart Drive,201
607,80,Mudo,13139 Anhalt Way,92
608,734,Gevee,74 Lakewood Pass,169
609,894,Bluejam,63 Garrison Way,99
610,776,Avamm,30 Fallview Terrace,113
611,596,Meezzy,5705 Petterle Way,98
612,751,Feedspan,0 John Wall Park,216
613,944,Photobean,36010 Corben Plaza,235
614,402,Realpoint,386 Esch Avenue,110
615,616,Zava,03300 Kingsford Terrace,211
616,631,Zoomzone,4 Washington Alley,194
617,154,Ainyx,6747 Erie Way,113
618,635,Muxo,0 Kinsman Park,152
619,889,Topicshots,28291 Norway Maple Park,281
620,490,Yoveo,68 Haas Crossing,80
621,708,Feednation,12 Summer Ridge Alley,95
622,116,Edgetag,00 Merrick Parkway,236
623,551,Skynoodle,42098 Roth Lane,160
624,544,Blogpad,07 Memorial Trail,80
625,539,Aimbo,5 Spaight Drive,176
626,739,Topiclounge,443 North Crossing,101
627,114,Topiclounge,7917 Rockefeller Terrace,270
628,52,Dablist,9987 Sugar Center,267
629,539,Gevee,46 Union Trail,223
630,901,Yotz,74 Troy Pass,285
631,559,Katz,6454 Delladonna Circle,298
632,140,Meedoo,67373 Sunfield Junction,239
633,428,Innojam,1 Jay Center,101
634,925,Wikizz,5 Old Shore Hill,104
635,844,Skyba,0247 Artisan Avenue,227
636,190,Centidel,8807 Dahle Terrace,122
637,429,Skimia,65 Carpenter Avenue,145
638,902,Thoughtbridge,4369 Sutherland Alley,87
639,846,Oyonder,47 Clove Terrace,139
640,989,Dabjam,5187 Superior Alley,217
641,541,Realcube,29 Merry Avenue,242
642,171,Oyoyo,4135 Clove Terrace,98
643,835,Brainsphere,667 Lawn Junction,162
644,678,JumpXS,40 Killdeer Plaza,162
645,536,Zoombox,59 Carberry Court,101
646,538,Muxo,8532 Lawn Drive,262
647,713,Yotz,77 Mifflin Place,178
648,498,Skajo,7 Forest Run Point,227
649,287,Mybuzz,64565 New Castle Hill,157
650,706,Fadeo,4914 Manufacturers Crossing,233
651,168,Kamba,6850 Westerfield Terrace,298
652,151,Lazz,9 Becker Drive,257
653,615,Dynava,36232 Division Drive,95
654,934,Fadeo,23 Hayes Trail,178
655,214,Quatz,07 Reinke Road,250
656,65,Roombo,56 Union Avenue,270
657,359,Photospace,3000 Ilene Court,237
658,602,Bubbletube,16 Anderson Avenue,199
659,207,Divavu,100 Victoria Trail,114
660,278,Skyble,2 Heffernan Lane,159
661,90,Flashpoint,0 Buena Vista Plaza,249
662,435,Realcube,901 Myrtle Court,116
663,704,Bubbletube,4 Merchant Road,284
664,934,Buzzster,3 Sycamore Crossing,199
665,953,Flashset,645 Meadow Vale Place,141
666,71,Lazz,5608 Montana Hill,248
667,505,Oodoo,945 Troy Circle,92
668,411,Vitz,701 Straubel Way,224
669,47,Fivebridge,15 Namekagon Park,276
670,367,Jaxnation,57684 Glacier Hill Place,163
671,555,Realblab,0 Mockingbird Trail,96
672,823,Voonix,10 Gulseth Hill,114
673,906,Wikibox,9 Almo Court,211
674,148,Kwimbee,34 Morningstar Parkway,175
675,882,Bluejam,0 Graceland Junction,158
676,595,Yacero,0239 Erie Pass,226
677,876,Katz,10 Bayside Street,176
678,433,Eidel,43515 Pond Terrace,201
679,660,Flashdog,39 Canary Hill,212
680,515,Blogpad,3 Gina Point,199
681,900,Agivu,2404 Carberry Way,198
682,341,Ooba,63 Sauthoff Lane,248
683,373,Viva,351 Village Green Drive,147
684,41,Livetube,737 Annamark Parkway,224
685,844,Skippad,4 Monument Place,140
686,597,Gabtype,342 Mendota Center,286
687,275,Bluejam,88 Buell Drive,228
688,229,Edgewire,1727 Forest Way,153
689,889,Kimia,136 Kensington Hill,109
690,450,Latz,22830 Vernon Crossing,108
691,381,Twitterbridge,9 Monument Pass,221
692,811,Oyope,20 Sheridan Circle,261
693,83,Aivee,977 Hermina Crossing,171
694,268,Youfeed,55587 Chive Junction,156
695,440,Meevee,58 Monument Junction,269
696,959,Skinix,89126 John Wall Plaza,292
697,6,Topiczoom,9 Express Drive,290
698,280,Ntags,786 Almo Alley,224
699,574,Digitube,7678 Coleman Center,217
700,886,Shuffledrive,11829 Ridgeview Avenue,195
701,977,Demizz,62778 American Parkway,140
702,335,Eamia,4 Bay Street,158
703,336,Thoughtworks,2 Mosinee Crossing,145
704,231,Camimbo,1 Sutherland Center,297
705,523,Zooveo,72 Scofield Pass,277
706,848,Voomm,0466 Crescent Oaks Way,241
707,198,Brainlounge,13 Oak Junction,298
708,429,Blogpad,2031 Helena Pass,273
709,514,Vimbo,255 Birchwood Park,277
710,493,Linkbridge,44 Independence Center,265
711,858,Tavu,8820 Larry Drive,191
712,909,Minyx,013 American Ash Plaza,98
713,19,Browseblab,3494 Montana Point,262
714,247,Skimia,886 Southridge Plaza,120
715,604,Meetz,4 Surrey Plaza,160
716,158,Browsetype,66865 Express Pass,148
717,265,Vinte,69302 Trailsway Terrace,87
718,333,Abatz,79 Delladonna Point,178
719,698,Livetube,3 Lakewood Circle,132
720,390,Innotype,3 Tennyson Alley,139
721,654,Dabtype,5182 Nevada Place,107
722,585,Yamia,9009 New Castle Place,107
723,128,Vidoo,7007 Glendale Avenue,274
724,997,Tazz,944 Colorado Circle,156
725,753,Agimba,18 Stoughton Street,277
726,457,Jaxnation,10 Hooker Junction,151
727,721,Babbleblab,58 Rutledge Avenue,142
728,538,Riffpedia,1198 Mayer Center,189
729,257,Photobug,64 Arrowood Pass,253
730,519,Jabberstorm,2 Prentice Point,121
731,562,Buzzbean,6913 Fairfield Plaza,263
732,693,InnoZ,5543 Holy Cross Avenue,230
733,629,Rhyzio,9562 Northport Way,120
734,681,Realblab,65 Mccormick Pass,184
735,984,Brainsphere,98590 Merchant Circle,158
736,217,Avamba,40622 Debra Court,248
737,253,Mita,43221 Lake View Terrace,287
738,891,Mydeo,398 Jay Point,179
739,759,Vimbo,239 Fallview Parkway,215
740,963,Zoomdog,923 7th Pass,165
741,859,Youspan,9 Di Loreto Lane,197
742,118,Aimbu,35957 Warner Crossing,207
743,881,Thoughtstorm,35 Lerdahl Road,296
744,850,Tagopia,552 Gerald Circle,136
745,686,Rhyloo,64816 Arrowood Terrace,216
746,85,Vidoo,1141 Pepper Wood Place,134
747,472,Topdrive,187 Moulton Plaza,253
748,134,Avamm,9 Talisman Plaza,227
749,83,Quimba,77744 Hallows Hill,167
750,511,Jaxnation,2784 Daystar Trail,263
751,988,Bluejam,06674 Service Trail,256
752,173,Skiptube,927 Kennedy Place,177
753,449,Miboo,3 Caliangt Parkway,208
754,199,Viva,63492 Sutherland Alley,85
755,382,Brainverse,86 Vera Park,273
756,402,Skibox,311 Derek Park,210
757,660,Skiba,28743 Thompson Hill,253
758,812,Myworks,8 Warbler Park,244
759,957,Skyba,9827 Summer Ridge Avenue,186
760,37,Wikivu,630 Nancy Avenue,290
761,848,Feedspan,0 Randy Street,235
762,449,Zoonder,7 Darwin Trail,229
763,346,Topiczoom,232 Golf Street,121
764,14,Oyoloo,03 Park Meadow Plaza,193
765,104,Edgeclub,737 Washington Lane,246
766,85,Roomm,1 Old Gate Lane,91
767,500,Blogspan,656 Pine View Point,101
768,662,Mycat,2 Messerschmidt Center,286
769,444,Omba,862 Lindbergh Crossing,274
770,721,Quinu,57 Eagle Crest Point,89
771,976,Ooba,170 Maryland Way,299
772,579,Vinte,45 Brentwood Point,290
773,365,Cogilith,70316 Linden Avenue,169
774,900,Innotype,34 Reindahl Terrace,247
775,939,Buzzbean,41 Meadow Ridge Place,108
776,509,Aibox,8552 Pierstorff Pass,207
777,421,Realbridge,77151 Hayes Road,154
778,776,Browsezoom,69949 2nd Park,255
779,608,Kwinu,6828 Longview Junction,271
780,686,Twimm,8998 Killdeer Lane,262
781,802,Rhynyx,03 Hanson Trail,297
782,982,Eidel,4242 Bultman Point,143
783,837,Voonyx,2 Red Cloud Pass,198
784,482,Tagopia,513 Mandrake Point,156
785,789,Wikizz,7 Reindahl Center,258
786,146,Eidel,4521 Autumn Leaf Drive,148
787,411,Feedbug,52488 Beilfuss Center,204
788,90,Topiclounge,6564 Judy Center,227
789,356,JumpXS,48 Oriole Way,123
790,263,Mymm,4870 Bowman Road,134
791,645,Eayo,6 Londonderry Street,169
792,352,Skinder,148 David Alley,191
793,302,Buzzster,8708 Bluestem Parkway,150
794,238,Tekfly,656 Dahle Trail,274
795,785,Oyonder,251 Arkansas Terrace,183
796,69,Divape,1 Pond Way,160
797,410,Browsezoom,0 Old Gate Road,207
798,161,Topdrive,80419 Schiller Street,163
799,761,Topiczoom,4129 Pond Court,299
800,621,Zazio,0 Tennessee Road,254
801,565,Gigashots,28 Bowman Center,188
802,241,Feedfire,814 Sutteridge Place,146
803,967,Roombo,18 Green Ridge Plaza,148
804,326,Photospace,65882 International Hill,248
805,761,Bluezoom,489 Eagan Road,119
806,885,Twinder,3406 Mccormick Plaza,85
807,81,Flashspan,77 La Follette Plaza,182
808,900,Linkbuzz,70 Moulton Junction,94
809,464,Mybuzz,4182 Prentice Alley,106
810,991,Janyx,0006 Straubel Hill,193
811,966,Oloo,4374 Porter Park,245
812,699,Oyoba,3350 Eagle Crest Plaza,234
813,65,Yakidoo,23243 Spohn Avenue,249
814,508,Kazu,21 Dottie Crossing,241
815,237,Fivespan,27 Iowa Parkway,103
816,561,Kimia,9 Meadow Ridge Parkway,152
817,211,Kanoodle,24561 Nelson Plaza,118
818,117,Devshare,4 Vera Point,262
819,499,Plambee,28174 Bellgrove Circle,212
820,674,Oyonder,3493 Blaine Junction,176
821,575,Ailane,05 Northridge Point,271
822,105,Chatterpoint,8 Stoughton Point,80
823,381,Devpulse,9 Kropf Hill,83
824,555,Mynte,611 Westport Terrace,280
825,995,Cogidoo,42487 Elgar Way,257
826,331,Babbleopia,3301 Bluejay Plaza,90
827,704,Skajo,55162 Shopko Crossing,298
828,63,Oyoba,9 Bellgrove Avenue,183
829,703,Rooxo,8151 Prairieview Center,256
830,136,Yamia,0142 Loomis Park,170
831,748,Yodoo,3 Cardinal Point,127
832,993,Tambee,10 Dorton Avenue,175
833,780,Eidel,99 Loomis Trail,227
834,700,Camido,370 Arapahoe Place,211
835,433,Kamba,989 Kedzie Point,169
836,410,Quinu,8361 Havey Place,285
837,245,Photobug,574 Bluejay Lane,223
838,663,Photobug,41951 Rieder Road,137
839,435,Shuffletag,1723 Village Drive,187
840,131,Yozio,2 Oriole Point,171
841,349,Mita,8 Green Ridge Avenue,214
842,275,Youspan,74746 Shelley Circle,256
843,206,Zoomzone,8 Kipling Alley,260
844,951,Jayo,60527 Pleasure Park,171
845,449,Kazio,4995 Crowley Drive,226
846,146,Zooveo,4885 Oriole Point,147
847,522,Eidel,1 Warbler Center,253
848,407,Browsecat,6 Heffernan Junction,199
849,596,Demivee,70 Rigney Crossing,229
850,11,Meeveo,4 Red Cloud Drive,245
851,189,Tagtune,22 Moland Parkway,159
852,95,Agimba,4 Bonner Alley,216
853,770,Devshare,14 Corben Park,296
854,349,Cogilith,97863 Boyd Way,127
855,32,Lajo,1836 Springs Crossing,152
856,40,Oyonder,06983 Leroy Junction,254
857,560,Thoughtstorm,6993 Oneill Center,135
858,316,Reallinks,27 Stone Corner Trail,213
859,4,Photospace,085 Rowland Hill,183
860,319,Zoomcast,8664 Susan Circle,240
861,760,Youspan,63 Darwin Pass,170
862,73,Bubbletube,82483 Division Lane,284
863,275,Abata,5766 Randy Way,87
864,560,Photobug,7716 Helena Junction,83
865,827,Buzzdog,033 Elka Drive,95
866,91,Oyondu,01 Springview Hill,261
867,938,Gabcube,8159 Meadow Vale Point,105
868,703,Fivespan,6 Beilfuss Pass,82
869,387,Photobug,2557 Darwin Park,94
870,418,Jetwire,8 Mallory Drive,253
871,494,Yakijo,96 Vera Alley,236
872,61,Browseblab,40 Elka Plaza,214
873,715,Plambee,2729 Grim Crossing,184
874,919,Mita,575 Sloan Court,255
875,73,Jaxspan,586 Pine View Plaza,193
876,26,Shufflester,013 Crescent Oaks Road,266
877,155,Jazzy,93 Kim Plaza,162
878,163,JumpXS,44606 Eggendart Park,173
879,675,Aivee,6791 Canary Court,242
880,370,Ozu,7 Becker Center,173
881,797,Eimbee,5 Linden Center,88
882,868,Meembee,59 Superior Avenue,211
883,539,Skiba,3 Pleasure Drive,190
884,521,Topiczoom,884 Anniversary Center,268
885,424,Kimia,29207 Alpine Plaza,245
886,634,Vinder,543 Graedel Way,195
887,685,Flashspan,69618 Thompson Terrace,290
888,322,Gigashots,8989 Mockingbird Avenue,177
889,853,Photofeed,3275 Crowley Circle,193
890,619,Skaboo,8 Lyons Place,165
891,796,Aivee,4 Red Cloud Avenue,144
892,633,Dabtype,5455 Arizona Court,114
893,94,Divavu,08 Grover Drive,288
894,380,Edgeblab,86227 Killdeer Way,144
895,209,Shufflester,955 Chive Drive,143
896,458,Realbuzz,034 Memorial Crossing,274
897,452,Divavu,6480 Maple Wood Crossing,178
898,827,Yodel,43479 Northland Place,147
899,791,Wordify,92470 Paget Way,102
900,17,Snaptags,1 Ludington Road,281
901,133,Thoughtblab,03 Haas Center,268
902,888,Bubbletube,562 Monument Hill,200
903,948,Meedoo,994 Birchwood Park,213
904,485,Ailane,25 Continental Drive,164
905,749,Viva,222 Truax Avenue,276
906,349,Linkbridge,252 Northfield Drive,162
907,717,Reallinks,53113 Canary Terrace,274
908,106,Jamia,91063 Northport Parkway,143
909,879,Viva,85 Cody Junction,159
910,767,Dynabox,5 Reindahl Pass,299
911,111,Jabberstorm,8411 Ruskin Hill,227
912,851,Bubbletube,13274 Burrows Point,115
913,911,Zoozzy,5 Red Cloud Trail,173
914,836,Thoughtsphere,91848 Longview Circle,90
915,831,Tazz,1535 Maple Drive,142
916,558,Omba,2893 2nd Terrace,83
917,726,Abata,18059 Eagan Hill,177
918,6,Topiclounge,294 Morning Crossing,170
919,846,Jayo,996 Butterfield Avenue,158
920,159,Vitz,20 Southridge Street,189
921,420,Zoombox,09554 Bonner Circle,223
922,834,Chatterpoint,51384 Bultman Lane,222
923,525,Wordtune,207 Bartillon Avenue,258
924,552,Wikivu,90 7th Lane,115
925,459,Yozio,07163 Old Shore Drive,126
926,427,Ozu,21 Erie Parkway,111
927,369,Pixope,964 Starling Alley,241
928,207,Devshare,2 Veith Terrace,96
929,507,Kanoodle,090 Talmadge Road,212
930,71,Yakidoo,88613 American Ash Road,183
931,699,Edgeblab,2340 Sherman Court,130
932,650,Yacero,18 East Plaza,177
933,386,Topicshots,36 Eagle Crest Terrace,94
934,721,Realcube,9282 Fremont Plaza,116
935,647,Skyndu,82 Oakridge Trail,93
936,723,Photobug,5 Macpherson Way,141
937,331,Bluejam,87 Prairieview Park,144
938,700,Leexo,218 American Parkway,297
939,138,Gigazoom,47552 Bunting Pass,270
940,222,Camido,4 Crest Line Park,139
941,377,Babbleset,39 Brentwood Crossing,165
942,636,Jaxnation,78790 Onsgard Crossing,100
943,427,Skalith,9696 Scoville Crossing,277
944,568,Lazzy,663 Rigney Center,131
945,339,Meevee,63116 Reindahl Circle,233
946,411,Cogilith,3027 Westend Way,299
947,542,Jaxnation,6 Ohio Center,193
948,831,Gabcube,89688 Memorial Terrace,167
949,144,Shuffletag,4 Arrowood Avenue,282
950,154,Thoughtworks,53378 Mallard Crossing,87
951,986,Zoovu,662 Warner Place,163
952,735,Brightdog,24 Anhalt Plaza,192
953,99,Yoveo,2 Southridge Drive,233
954,363,Tagfeed,58 Kingsford Place,240
955,826,Pixonyx,0 American Ash Park,91
956,534,Edgeclub,165 Northwestern Court,115
957,257,Zava,365 Farwell Way,260
958,472,Skinte,69934 Fallview Trail,265
959,716,Ntag,564 Lerdahl Point,136
960,340,Centimia,2671 Elmside Crossing,197
961,788,Geba,5500 Pawling Lane,276
962,744,Realmix,4878 Bunting Center,83
963,822,Youspan,99 Spaight Street,120
964,340,Photofeed,45 East Point,268
965,621,Meemm,966 Sheridan Center,186
966,117,Ailane,5 Del Mar Lane,224
967,964,Edgeify,10748 Butterfield Parkway,256
968,432,Kimia,4018 Cordelia Drive,242
969,227,Meemm,2283 Kennedy Parkway,210
970,96,Trudoo,4 Milwaukee Drive,133
971,76,Pixoboo,81 Hallows Pass,182
972,339,Aibox,02 Waywood Point,156
973,49,Chatterbridge,52 Sutherland Hill,277
974,45,Photobug,72 Kennedy Street,217
975,987,Vitz,84782 Goodland Junction,262
976,321,Thoughtstorm,5 Washington Lane,219
977,241,Midel,7180 Kedzie Trail,107
978,141,Youfeed,8134 Warner Lane,182
979,27,Youbridge,26 Parkside Center,148
980,314,Fivechat,70 Village Avenue,95
981,268,Vitz,53 Fulton Drive,224
982,640,Edgetag,2 Crowley Lane,249
983,341,Kare,9554 Spenser Hill,116
984,133,Gabvine,47519 Northfield Street,265
985,646,Fadeo,07400 Little Fleur Crossing,278
986,862,Rhybox,031 Scoville Street,187
987,456,Viva,4 Meadow Ridge Court,133
988,653,InnoZ,63579 Sauthoff Parkway,85
989,676,Tagchat,6686 Mallory Plaza,117
990,396,Fiveclub,048 Boyd Parkway,152
991,795,Oyoyo,4590 Rowland Way,171
992,106,Avavee,4 3rd Road,122
993,464,Kaymbo,81 Holy Cross Point,178
994,243,Divanoodle,969 Charing Cross Alley,103
995,329,Jetwire,63746 Mallard Way,203
996,925,Bluezoom,8 Fairview Place,294
997,288,Voonder,8 Monument Circle,293
998,65,Thoughtbridge,4340 Sundown Drive,296
999,16,Wikido,193 Lukken Circle,183
1000,573,Skiba,6055 Logan Pass,174
