UserID,Username,Email,PhoneNumber,UserType
1,sandri0,lhansbury0@weibo.com,310-894-3938,Manager
2,nsymcock1,hrobertis1@geocities.com,455-802-2719,Manager
3,gtuckley2,vodriscoll2@salon.com,248-810-7498,Manager
4,othody3,abreitler3@cmu.edu,158-849-9440,Manager
5,ddrinkwater4,mthomton4@amazon.com,338-111-0087,Organizer
6,mhilldrup5,cfontelles5@qq.com,961-866-7924,Organizer
7,cfairbeard6,mklimp6@dailymotion.com,669-765-0083,Organizer
8,lwing7,iandrieu7@dedecms.com,432-870-9468,Organizer
9,bparrett8,rkeener8@phpbb.com,155-611-5257,Organizer
10,eemmins9,bfayter9@joomla.org,729-226-3417,Organizer
11,mpoweleea,rburwooda@topsy.com,999-699-3559,Organizer
12,awindridgeb,gtofflerb@geocities.jp,140-429-0560,Manager
13,mrichtc,kpuddingc@marriott.com,964-411-5513,Manager
14,athomassond,oomullend@barnesandnoble.com,563-944-1200,Manager
15,mondraseke,beagane@psu.edu,205-476-0521,Organizer
16,episcullif,pjehuf@youtube.com,754-673-3392,Manager
17,rfilewoodg,hrearieg@opera.com,100-377-9735,Manager
18,colivah,akendellh@berkeley.edu,469-869-5516,Organizer
19,acalltonei,jfusteri@unesco.org,468-154-4076,Organizer
20,vtchaikovskyj,tlifej@edublogs.org,931-593-8681,Organizer
21,nshewringk,vwilmorek@xinhuanet.com,314-432-3245,Manager
22,tposnettel,ptiliol@chicagotribune.com,522-329-1958,Manager
23,mtaylderm,agurdenm@vinaora.com,789-216-9484,Organizer
24,khegdenn,hoxbroughn@histats.com,744-878-8550,Manager
25,mmcclarenceo,cblackallero@icio.us,503-287-6555,Organizer
26,mcrysellp,jhelkinp@princeton.edu,980-642-8364,Manager
27,mjantzenq,taikenq@quantcast.com,974-770-8911,Organizer
28,elagder,bshentonr@noaa.gov,501-699-2489,Organizer
29,cblackabys,rphilipssons@oracle.com,466-689-6184,Manager
30,mnystromt,gdemanchet@artisteer.com,720-399-7823,Manager
31,mbaldettiu,dhawleru@is.gd,975-868-9172,Manager
32,mfieldingv,jpurcellv@reuters.com,125-286-9570,Manager
33,htiffanyw,lodunniomw@multiply.com,210-507-7801,Organizer
34,owoodierx,nmaundersx@bloomberg.com,909-434-9317,Organizer
35,cdobbisony,codonovany@nih.gov,593-736-9901,Manager
36,schecoz,rdoez@t-online.de,158-482-0940,Manager
37,eknocker10,phumpatch10@networkadvertising.org,629-294-5134,Organizer
38,ebeadnell11,tjurn11@java.com,319-401-0516,Manager
39,gwitchalls12,cdugue12@oracle.com,605-561-4456,Manager
40,kduddan13,ddozdill13@shareasale.com,344-690-0055,Organizer
41,aloynton14,lbibey14@liveinternet.ru,340-454-5926,Manager
42,vtantum15,fcamin15@whitehouse.gov,420-110-4648,Organizer
43,dhouson16,koakden16@phoca.cz,102-710-6378,Manager
44,tmcfaell17,qrudgerd17@hibu.com,656-484-9589,Organizer
45,mstanman18,dcliburn18@youku.com,227-165-0971,Organizer
46,bfealey19,thurll19@google.com.br,840-574-5006,Manager
47,ftungate1a,bmacness1a@ow.ly,819-427-7051,Manager
48,bmoye1b,eshewry1b@smugmug.com,460-634-4864,Manager
49,sbramley1c,rmcgilvray1c@dyndns.org,476-590-6400,Organizer
50,bgooly1d,mslane1d@surveymonkey.com,299-253-1688,Manager
51,mhumphrys1e,mdinkin1e@google.cn,292-822-6833,Manager
52,bdrackford1f,wgeddis1f@free.fr,872-806-4847,Organizer
53,rleprovest1g,smacqueen1g@theguardian.com,723-903-2276,Manager
54,shaensel1h,tswettenham1h@umn.edu,928-449-3183,Organizer
55,vwolffers1i,sdoring1i@rambler.ru,828-419-3903,Manager
56,jjosephy1j,isushams1j@vinaora.com,576-502-3954,Manager
57,bdoig1k,azylbermann1k@cnn.com,277-561-5797,Manager
58,smallya1l,mmackelworth1l@istockphoto.com,640-729-7979,Organizer
59,sprestedge1m,bdougary1m@nhs.uk,586-909-0504,Organizer
60,ltreadaway1n,megdell1n@house.gov,354-211-7564,Organizer
61,volesen1o,lburthom1o@newsvine.com,106-415-2930,Manager
62,ssiege1p,wgrgic1p@yale.edu,679-778-2111,Organizer
63,rheathfield1q,glivesey1q@webmd.com,804-355-6106,Manager
64,adick1r,psteckings1r@paypal.com,463-151-6850,Manager
65,hfoister1s,onajafian1s@netlog.com,646-260-0849,Manager
66,efairhall1t,dpellett1t@unblog.fr,353-577-9293,Manager
67,arazoux1u,halessandone1u@ameblo.jp,400-914-8092,Manager
68,pmacrory1v,nfishly1v@google.co.uk,702-146-8403,Manager
69,lsleford1w,jpickthorne1w@yahoo.com,732-528-3994,Organizer
70,ystickings1x,doffin1x@hc360.com,824-152-9515,Manager
71,sdunnion1y,nskully1y@goo.ne.jp,495-611-0151,Manager
72,hmcelwee1z,swalters1z@digg.com,849-216-3775,Organizer
73,rgwinnel20,aghost20@nih.gov,207-714-5817,Organizer
74,pvangiffen21,btanslie21@so-net.ne.jp,370-747-0996,Manager
75,ahelix22,rbolderstone22@vinaora.com,366-451-8832,Organizer
76,chryniewicki23,idoerr23@epa.gov,597-579-6406,Organizer
77,rmacgebenay24,kdohms24@pagesperso-orange.fr,375-784-2525,Organizer
78,mphilimore25,srobeiro25@google.ca,254-721-3079,Manager
79,goverill26,rfrain26@t-online.de,400-849-3389,Manager
80,hcoggeshall27,lslowan27@1und1.de,182-812-2361,Manager
81,bhariot28,leverit28@baidu.com,856-818-6934,Organizer
82,atimlett29,gwalshaw29@paginegialle.it,892-468-1623,Organizer
83,lsobtka2a,dbuessen2a@tripod.com,779-675-5167,Organizer
84,uodeson2b,chowse2b@state.gov,855-665-5113,Organizer
85,mvanwaadenburg2c,nfresson2c@godaddy.com,285-404-7108,Organizer
86,mleggett2d,amargetson2d@merriam-webster.com,761-194-8253,Organizer
87,cwhiteson2e,ebartrop2e@123-reg.co.uk,108-681-7325,Manager
88,nbool2f,tmcmurrugh2f@wikimedia.org,600-784-6931,Manager
89,dcamerana2g,pposselwhite2g@ovh.net,849-547-9930,Organizer
90,glightbowne2h,hrunacres2h@elegantthemes.com,260-328-6163,Organizer
91,fkniveton2i,lglanvill2i@loc.gov,578-469-0289,Organizer
92,mbrooking2j,nlissimore2j@dion.ne.jp,238-432-5237,Manager
93,rgian2k,apollastrone2k@51.la,361-357-3757,Organizer
94,dioannidis2l,vdudek2l@nasa.gov,131-930-0939,Organizer
95,atatam2m,gpopland2m@mozilla.com,457-586-2497,Manager
96,bfiloniere2n,apfeffle2n@icq.com,202-877-7444,Manager
97,cburner2o,hemney2o@facebook.com,511-197-1782,Organizer
98,ncaldicott2p,cyaxley2p@wired.com,489-132-8921,Manager
99,kloraine2q,eurpeth2q@washingtonpost.com,310-529-8931,Manager
100,dfidilis2r,agarroway2r@w3.org,303-468-9089,Organizer
101,asuttle2s,afaltin2s@moonfruit.com,138-348-0090,Manager
102,egrover2t,megre2t@wikipedia.org,757-795-9976,Manager
103,wbremmer2u,amurfill2u@furl.net,545-895-1021,Manager
104,aastridge2v,gmacgillespie2v@sbwire.com,710-419-7407,Organizer
105,ibarwell2w,kkenealy2w@google.it,335-242-5649,Organizer
106,dsendall2x,yliveing2x@51.la,307-687-7111,Manager
107,acheevers2y,acettell2y@boston.com,829-258-6037,Organizer
108,qogbourne2z,tbalassi2z@gnu.org,300-433-2599,Organizer
109,roclery30,syearron30@bluehost.com,628-794-1639,Organizer
110,adimmer31,abatteson31@goo.ne.jp,716-419-5997,Organizer
111,cvigneron32,ndehooch32@china.com.cn,154-155-0368,Manager
112,thandover33,kkoles33@amazonaws.com,791-556-5183,Organizer
113,kgonning34,ktruwert34@upenn.edu,804-239-9309,Manager
114,bwyldbore35,mtowl35@narod.ru,894-340-1116,Manager
115,ssteketee36,jmaccorley36@livejournal.com,624-249-2682,Manager
116,scastagneri37,bstains37@wikispaces.com,132-147-4313,Manager
117,sdutch38,dskelcher38@reuters.com,673-850-4029,Organizer
118,asantoro39,fblazi39@earthlink.net,605-273-5377,Organizer
119,ntute3a,svowden3a@usnews.com,593-487-6642,Organizer
120,igreatex3b,cbessant3b@skyrock.com,515-152-2042,Organizer
121,wrawling3c,sborman3c@quantcast.com,817-705-6412,Organizer
122,hgummery3d,zharnwell3d@china.com.cn,373-282-1113,Manager
123,ggilbey3e,hroaf3e@bravesites.com,103-828-6564,Manager
124,nmorgan3f,gnegus3f@wsj.com,330-794-2430,Manager
125,whargrave3g,cgilks3g@nytimes.com,211-780-6801,Manager
126,ltruelove3h,fbassano3h@google.it,543-202-1158,Manager
127,davrahm3i,jismail3i@mit.edu,511-265-3706,Manager
128,idunnan3j,aiohananof3j@guardian.co.uk,954-737-1492,Organizer
129,eoxtaby3k,felington3k@marriott.com,111-613-7822,Organizer
130,iwilliamson3l,fbotwood3l@wikispaces.com,426-733-7976,Manager
131,athorby3m,agregol3m@sbwire.com,316-254-1247,Manager
132,bsellers3n,ngarratty3n@biblegateway.com,147-189-1300,Organizer
133,rplunkett3o,wdwerryhouse3o@nytimes.com,478-827-2434,Organizer
134,sshawell3p,agrut3p@theatlantic.com,589-724-1582,Organizer
135,wlaidel3q,nbirdsey3q@technorati.com,995-903-1926,Manager
136,cgrotty3r,lbaudino3r@wordpress.com,456-555-7385,Organizer
137,ngockeler3s,kbleyman3s@adobe.com,287-240-3704,Organizer
138,atassell3t,sdoneld3t@bloglines.com,704-780-7919,Organizer
139,sdeshorts3u,wfelix3u@dion.ne.jp,116-645-9367,Manager
140,jgladdin3v,tmorilla3v@networksolutions.com,157-922-5968,Organizer
141,esneesby3w,bvink3w@aol.com,589-764-3323,Organizer
142,ipergens3x,sbingham3x@ebay.com,390-478-6904,Manager
143,rbordes3y,bnetley3y@ucoz.com,540-909-9756,Manager
144,kseacroft3z,syellop3z@moonfruit.com,420-296-7236,Manager
145,skewzick40,cewin40@discovery.com,178-267-1813,Manager
146,cglenton41,sbarnes41@unesco.org,407-768-5906,Organizer
147,smuirhead42,finchan42@pen.io,544-669-6024,Organizer
148,wdiruggero43,cdoog43@businessweek.com,909-227-9218,Manager
149,ecorzor44,mwhardley44@chron.com,205-348-8694,Manager
150,cyendle45,nwillment45@illinois.edu,133-226-6775,Organizer
151,cjurasz46,ngelletly46@miibeian.gov.cn,348-461-5179,Organizer
152,tettritch47,mkeningley47@army.mil,276-736-6131,Organizer
153,jstoving48,wdawson48@army.mil,505-938-6435,Manager
154,ikermon49,apaulson49@ow.ly,591-722-0801,Manager
155,wbarkworth4a,mbreadmore4a@harvard.edu,294-318-6916,Organizer
156,ajanous4b,sramlot4b@japanpost.jp,326-270-9976,Manager
157,apledger4c,mheinke4c@chronoengine.com,432-724-4851,Manager
158,btitherington4d,wtwallin4d@livejournal.com,468-488-3693,Organizer
159,echampken4e,abaccup4e@ezinearticles.com,775-455-1085,Manager
160,cslaymaker4f,rkrale4f@shop-pro.jp,588-858-0070,Manager
161,lattenborrow4g,btiron4g@comcast.net,598-827-5453,Manager
162,jhordle4h,wharmon4h@liveinternet.ru,299-493-7320,Organizer
163,fscales4i,cworthing4i@cnet.com,756-558-0866,Organizer
164,rchilvers4j,lplatts4j@so-net.ne.jp,669-776-7119,Manager
165,eedwicker4k,rsibbons4k@unc.edu,919-717-6972,Manager
166,cgaine4l,dpaulig4l@ifeng.com,373-181-4318,Organizer
167,otossell4m,asieghard4m@spotify.com,400-209-4608,Organizer
168,ecicculini4n,cschops4n@hc360.com,695-365-7972,Organizer
169,bbabst4o,dkynoch4o@nymag.com,811-321-7714,Organizer
170,cdoley4p,bgroom4p@seesaa.net,361-474-2195,Organizer
171,dmottley4q,mhazley4q@springer.com,151-677-9223,Organizer
172,dspurden4r,jbakhrushin4r@51.la,401-386-9675,Manager
173,astrutt4s,nwickenden4s@blogs.com,726-199-6276,Organizer
174,rwhysall4t,sedsall4t@amazon.co.uk,312-592-7271,Manager
175,etaffee4u,bgiraudou4u@nydailynews.com,225-793-0960,Manager
176,jnewhouse4v,mbendson4v@domainmarket.com,110-724-2653,Organizer
177,cbanville4w,dlardez4w@networksolutions.com,623-937-8389,Organizer
178,mpersent4x,athonger4x@exblog.jp,384-104-9727,Manager
179,sjanssens4y,rgascar4y@wikipedia.org,515-951-7682,Organizer
180,cjanning4z,adoone4z@jimdo.com,878-315-5365,Organizer
181,cmccay50,jjolliss50@tamu.edu,633-648-6732,Organizer
182,mgridon51,qivanusyev51@weibo.com,619-594-7879,Organizer
183,dhacket52,dalster52@nba.com,770-538-9666,Manager
184,stanman53,mcoalburn53@gnu.org,828-597-4782,Manager
185,gmcinally54,jlambregts54@jimdo.com,509-894-0715,Organizer
186,yshawcross55,erigard55@npr.org,316-899-3676,Manager
187,mthacke56,jbelhome56@home.pl,456-425-6393,Manager
188,rgodspede57,akhomich57@webs.com,663-672-0755,Manager
189,ecatcherside58,hsparshutt58@netscape.com,186-644-6809,Organizer
190,mdioniso59,efagge59@cmu.edu,813-161-9782,Manager
191,mlafoy5a,rmccutheon5a@nsw.gov.au,648-584-3912,Manager
192,mburrow5b,rfake5b@hugedomains.com,683-889-4918,Organizer
193,wcrickmer5c,rreade5c@tripadvisor.com,467-128-5215,Organizer
194,mgreenrodd5d,eduggleby5d@globo.com,624-478-0796,Manager
195,phillatt5e,ebibby5e@nps.gov,563-529-9239,Organizer
196,abrazenor5f,wclemow5f@slashdot.org,863-311-1818,Organizer
197,cmcmillan5g,bbower5g@gmpg.org,772-799-3981,Organizer
198,aszymanowicz5h,ffelmingham5h@admin.ch,416-170-1986,Organizer
199,bsemeradova5i,jquerree5i@zimbio.com,289-367-5849,Manager
200,wyashanov5j,emcquaker5j@storify.com,225-490-7904,Organizer
201,wassiratti5k,mhawksworth5k@goo.gl,314-311-9140,Organizer
202,ldripps5l,cblannin5l@ifeng.com,958-845-5469,Organizer
203,jboam5m,llawleff5m@instagram.com,323-491-3151,Organizer
204,bcolly5n,lgregs5n@twitter.com,695-430-4493,Organizer
205,wdray5o,pyarrington5o@auda.org.au,771-420-1654,Manager
206,gshirley5p,hherreran5p@youku.com,408-402-1994,Manager
207,iwixon5q,sburniston5q@fc2.com,473-748-2372,Manager
208,cianniello5r,nwoodwin5r@ezinearticles.com,977-639-8827,Organizer
209,hnawton5s,jpybus5s@microsoft.com,153-125-7030,Organizer
210,pibarra5t,rrubel5t@npr.org,643-508-4414,Organizer
211,ocann5u,jfarebrother5u@123-reg.co.uk,887-223-8857,Organizer
212,cwoolacott5v,lmcpake5v@ocn.ne.jp,571-662-0921,Manager
213,gboyde5w,jmanby5w@economist.com,911-534-2971,Manager
214,ehabergham5x,dpopworth5x@wikia.com,974-774-4190,Manager
215,ggoodby5y,mworlock5y@skype.com,492-358-0508,Organizer
216,dfewings5z,mdoge5z@xing.com,391-639-6477,Organizer
217,rwegenen60,lmaddison60@prnewswire.com,210-726-9459,Manager
218,bbrierley61,ayateman61@theguardian.com,243-664-8995,Organizer
219,vmatasov62,jwitton62@sciencedirect.com,625-276-7907,Manager
220,mfido63,jmilsom63@wiley.com,476-453-1935,Organizer
221,jbulcock64,nbyneth64@multiply.com,719-556-2097,Organizer
222,ldevoiels65,kfassbender65@bandcamp.com,539-381-1698,Organizer
223,rhinners66,rrodriguez66@w3.org,679-641-4305,Organizer
224,kbertomier67,mbrackley67@de.vu,106-763-2748,Organizer
225,jstrotone68,bsoppeth68@auda.org.au,584-467-8373,Manager
226,apaler69,rmixter69@google.com.br,538-158-0525,Manager
227,csapp6a,aaxtell6a@nps.gov,137-662-8384,Manager
228,amonni6b,rsaile6b@thetimes.co.uk,272-956-4882,Manager
229,pluckie6c,mgowthrop6c@foxnews.com,883-603-9695,Organizer
230,crabson6d,cperrott6d@google.de,996-427-2367,Organizer
231,dcallum6e,edadge6e@army.mil,852-250-0758,Manager
232,kseeley6f,cwinsom6f@odnoklassniki.ru,804-773-8003,Organizer
233,lbaltzar6g,bosmar6g@netlog.com,251-755-3109,Manager
234,dmayhew6h,emaliffe6h@over-blog.com,638-685-9615,Manager
235,cchampley6i,flidgertwood6i@ted.com,206-584-2541,Manager
236,gbrine6j,jrichardes6j@is.gd,373-514-7064,Manager
237,mchristensen6k,mpaunton6k@woothemes.com,303-695-2451,Manager
238,pivanyukov6l,beasey6l@ow.ly,613-464-7171,Organizer
239,dboddie6m,candress6m@fastcompany.com,650-106-0772,Organizer
240,nkeast6n,klufkin6n@zimbio.com,317-440-6558,Manager
241,lewdale6o,peason6o@gravatar.com,287-179-2897,Organizer
242,vjeffcock6p,dghiraldi6p@eepurl.com,305-267-9059,Manager
243,bjennaroy6q,tveeler6q@nsw.gov.au,536-881-6002,Manager
244,ktungate6r,bbellenie6r@wikimedia.org,312-713-2256,Organizer
245,obirdseye6s,jjewise6s@shutterfly.com,726-514-7637,Organizer
246,tdarker6t,alanceley6t@prlog.org,549-851-2216,Manager
247,thilland6u,rmordan6u@gmpg.org,121-275-2718,Manager
248,cbeurich6v,rphizackerly6v@skyrock.com,583-995-6697,Manager
249,bcalender6w,jfiler6w@ucoz.com,720-803-7083,Manager
250,bbelmont6x,mguerrieri6x@about.me,119-136-9239,Organizer
251,rkneal6y,erobiot6y@independent.co.uk,681-917-4946,Organizer
252,abonick6z,egally6z@people.com.cn,773-233-3024,Manager
253,oreuter70,jcraze70@ovh.net,390-342-4797,Manager
254,mtitmarsh71,jrobjant71@ca.gov,391-452-5494,Organizer
255,dabdon72,bdomb72@baidu.com,946-399-5610,Manager
256,mmettericke73,sgamon73@fotki.com,703-995-4238,Organizer
257,jsudron74,amorritt74@cam.ac.uk,623-861-0030,Organizer
258,tesparza75,lpetticrew75@google.com,253-646-9648,Organizer
259,vovendale76,nzaple76@clickbank.net,459-245-3864,Organizer
260,tstorry77,ezupo77@ucsd.edu,976-568-3261,Organizer
261,lstorror78,dkobus78@last.fm,556-541-1237,Manager
262,jfisby79,mrushbury79@telegraph.co.uk,688-548-9804,Manager
263,gwilliamson7a,astancliffe7a@home.pl,851-359-5138,Organizer
264,kstarrs7b,eyoutead7b@issuu.com,930-543-2365,Organizer
265,skerin7c,bwaterhous7c@dmoz.org,857-310-9214,Manager
266,srowler7d,ssyne7d@comcast.net,489-802-6433,Manager
267,lsturte7e,mcastagnier7e@amazon.co.jp,617-419-7650,Manager
268,akaming7f,gduggan7f@barnesandnoble.com,563-793-9316,Organizer
269,kjedrys7g,cpowdrill7g@networkadvertising.org,666-471-3017,Manager
270,noscroft7h,grosenauer7h@webmd.com,562-149-5681,Organizer
271,ddelloyd7i,kkaradzas7i@unesco.org,982-897-4013,Manager
272,volanda7j,kstentiford7j@va.gov,252-811-0108,Organizer
273,mdoylend7k,gchesnay7k@wired.com,279-303-3427,Manager
274,edimblebee7l,mmcmeekin7l@printfriendly.com,683-304-9917,Organizer
275,gferreira7m,kengelmann7m@godaddy.com,943-958-1149,Organizer
276,hdurrant7n,jcoxall7n@infoseek.co.jp,360-899-6544,Organizer
277,rblowers7o,cpolycote7o@ibm.com,301-761-1657,Organizer
278,mhaacker7p,amcchesney7p@hud.gov,268-774-5047,Organizer
279,jgainor7q,cpowner7q@reverbnation.com,347-670-6467,Organizer
280,mkender7r,sgiacopello7r@unblog.fr,659-139-2820,Manager
281,vwilkins7s,tsmaling7s@netscape.com,149-630-9342,Manager
282,cblind7t,klandman7t@jugem.jp,752-386-1070,Manager
283,vbrattan7u,llearmonth7u@house.gov,602-397-2234,Organizer
284,ndacosta7v,slanchbery7v@amazon.com,448-348-5145,Manager
285,cmouton7w,wrobardey7w@stumbleupon.com,266-928-2851,Organizer
286,pravenhills7x,iwelbourn7x@newsvine.com,821-422-2869,Organizer
287,nlevine7y,fclementel7y@icio.us,233-120-4575,Manager
288,boldman7z,akopke7z@usa.gov,530-659-9471,Manager
289,csandom80,egreber80@howstuffworks.com,999-551-8592,Organizer
290,cmiroy81,adrance81@paypal.com,937-401-0543,Manager
291,cbracher82,tareles82@buzzfeed.com,691-512-4475,Manager
292,kbaterip83,dmabone83@pcworld.com,689-756-2983,Organizer
293,pdoogan84,relliff84@whitehouse.gov,665-936-8418,Organizer
294,mwenham85,lstanbrooke85@who.int,502-721-4113,Organizer
295,gcosins86,aruperti86@cargocollective.com,241-672-1166,Manager
296,cdatte87,bcolles87@narod.ru,413-776-5729,Organizer
297,hfaireclough88,kjacquest88@blog.com,396-145-1870,Manager
298,mcraigg89,jlody89@redcross.org,752-413-6824,Organizer
299,gbrant8a,hdurnford8a@state.gov,928-768-3271,Manager
300,ryare8b,tbasilio8b@patch.com,692-566-6137,Organizer
301,ljesper8c,cbrooking8c@japanpost.jp,789-100-6440,Organizer
302,cwistance8d,tbelliard8d@qq.com,276-863-4571,Manager
303,pdraysey8e,losler8e@pinterest.com,525-850-1043,Manager
304,cchomicki8f,erraundl8f@kickstarter.com,597-168-2120,Manager
305,arehorek8g,slarderot8g@mail.ru,728-942-3713,Organizer
306,dianinotti8h,gchillcot8h@weather.com,381-208-8691,Manager
307,cbotham8i,fbrauns8i@mapy.cz,642-858-9257,Manager
308,acokely8j,evondra8j@vkontakte.ru,679-130-3752,Organizer
309,nhestrop8k,pgosnoll8k@earthlink.net,933-138-5925,Organizer
310,abenasik8l,cdonalson8l@moonfruit.com,659-727-2774,Organizer
311,ddominique8m,cwarr8m@reddit.com,417-275-3525,Manager
312,mmatschke8n,pguerreiro8n@hostgator.com,494-361-9908,Manager
313,wkeach8o,mwrangle8o@barnesandnoble.com,902-819-7471,Organizer
314,lhallahan8p,cberryann8p@hugedomains.com,564-945-9926,Manager
315,zbeldon8q,lsollam8q@yahoo.com,318-762-0836,Organizer
316,kcollidge8r,fmacnelly8r@yale.edu,757-672-4211,Manager
317,hgoldspink8s,athay8s@is.gd,457-441-3432,Organizer
318,mhugnet8t,emartinson8t@yale.edu,307-288-9172,Manager
319,kkirvell8u,gashpital8u@clickbank.net,677-726-9839,Manager
320,iduffrie8v,fschaumaker8v@dailymotion.com,625-510-4653,Manager
321,mtuffrey8w,cjanczyk8w@alibaba.com,427-398-7537,Organizer
322,rdabes8x,bbragger8x@tripod.com,732-663-5326,Organizer
323,slocard8y,sleworthy8y@surveymonkey.com,820-430-6184,Organizer
324,dmaundrell8z,droullier8z@webeden.co.uk,998-604-3160,Manager
325,alacy90,khultberg90@addtoany.com,489-918-5854,Organizer
326,nmontacute91,jlansbury91@slideshare.net,864-950-4942,Manager
327,abachura92,hgoodhand92@squidoo.com,686-253-0072,Organizer
328,fsmoote93,hlumsden93@ted.com,830-345-9635,Manager
329,jnusche94,ablundin94@elpais.com,767-486-5875,Organizer
330,dsemered95,lmcgrale95@unblog.fr,366-208-9240,Manager
331,tsutcliff96,cfranzotto96@twitter.com,549-302-1279,Manager
332,cmcgrath97,mrickis97@squidoo.com,543-690-8711,Organizer
333,ctroucher98,gbounds98@sphinn.com,984-123-0122,Organizer
334,bsolon99,twinkell99@last.fm,396-153-0277,Manager
335,rlamerton9a,hogrady9a@bloglines.com,652-840-1420,Manager
336,smckelloch9b,kgaiford9b@sciencedaily.com,829-329-3653,Manager
337,nguiduzzi9c,dringrose9c@yahoo.co.jp,738-345-6823,Organizer
338,nbyrnes9d,fstannah9d@gmpg.org,224-199-3429,Manager
339,cberrisford9e,ldyos9e@feedburner.com,571-178-2112,Organizer
340,gletty9f,nhexham9f@photobucket.com,181-121-9101,Manager
341,mthrelkeld9g,ktilling9g@ucla.edu,711-863-8944,Organizer
342,dblakeden9h,sollenbuttel9h@networkadvertising.org,595-342-0912,Organizer
343,vbrise9i,dpaylie9i@purevolume.com,771-927-9252,Manager
344,kilyenko9j,ifardo9j@bandcamp.com,839-673-7501,Manager
345,pachrameev9k,jklauber9k@hatena.ne.jp,275-972-2476,Organizer
346,vgladwell9l,gfogel9l@archive.org,984-476-7913,Manager
347,kbabbage9m,smcclure9m@dot.gov,559-511-4210,Organizer
348,lbenn9n,rwoollett9n@skype.com,400-486-8065,Organizer
349,mcrossan9o,cwindross9o@ox.ac.uk,409-735-1539,Manager
350,ldunstall9p,tmeaddowcroft9p@ucsd.edu,630-458-0139,Organizer
351,lstaresmeare9q,qhadlington9q@cargocollective.com,139-162-6052,Organizer
352,meul9r,ckabisch9r@yale.edu,169-866-2693,Manager
353,acowdrey9s,fkunat9s@yellowpages.com,494-256-3540,Manager
354,gblesing9t,gstothert9t@qq.com,421-645-3818,Organizer
355,dcleghorn9u,akean9u@nyu.edu,567-672-7699,Organizer
356,kchalliner9v,csainsberry9v@e-recht24.de,206-343-0018,Manager
357,smcgriele9w,wdodamead9w@bluehost.com,601-477-4491,Manager
358,ncurphey9x,olicciardello9x@ucoz.com,936-899-3811,Manager
359,edenisard9y,tcoryndon9y@nasa.gov,607-406-6521,Organizer
360,dgiacomoni9z,lmcnaught9z@yandex.ru,753-768-7998,Organizer
361,sdracoa0,dmulcahya0@icq.com,542-842-7524,Manager
362,kbolsovera1,bstoutea1@blogtalkradio.com,344-563-4039,Manager
363,kleela2,rmacgeaneya2@parallels.com,604-441-3572,Manager
364,cburdouna3,mwoodnutta3@tamu.edu,988-248-5154,Organizer
365,yhavisa4,gizzata4@go.com,404-256-5007,Organizer
366,jlarkcuma5,sleninga5@pbs.org,479-989-7264,Manager
367,goskehana6,ooakera6@list-manage.com,914-225-2609,Organizer
368,kpoytresa7,atimoneya7@youtu.be,830-390-7884,Manager
369,ewoostera8,icasettaa8@yellowpages.com,120-609-3632,Manager
370,ffurnivala9,fleckiea9@vistaprint.com,608-736-4492,Manager
371,lcarrolaa,jshuttleaa@1688.com,271-692-7740,Manager
372,kmathevonab,wjacobsab@sitemeter.com,662-517-7849,Organizer
373,drommeac,godoac@sfgate.com,179-816-7899,Organizer
374,cgerrelsad,ariltonad@pcworld.com,414-874-6560,Organizer
375,kmendozaae,agabbottae@ucoz.ru,485-337-3481,Organizer
376,gminardaf,tcalbaitheaf@statcounter.com,465-703-1595,Manager
377,scuttleag,chardyag@newsvine.com,949-342-5379,Organizer
378,ehugah,emcjarrowah@addthis.com,310-244-8058,Organizer
379,cpikettai,mhoutbyai@squidoo.com,377-989-6726,Manager
380,ggaucheaj,cbalmannaj@vk.com,702-243-8229,Manager
381,wmaxsteadak,avinaak@arstechnica.com,761-545-9005,Manager
382,cmacanelleyal,droadal@ebay.com,515-655-4024,Manager
383,lbrownswortham,hbigmoream@github.com,543-644-0058,Manager
384,bmcnamaraan,bbettlesan@hugedomains.com,690-575-4667,Organizer
385,zpasfieldao,gtrowellao@ezinearticles.com,563-854-5048,Organizer
386,eyoungmanap,mtraceap@marketwatch.com,155-942-6283,Manager
387,dverringaq,ncornewaq@wix.com,822-245-9046,Organizer
388,rburkinshawar,sdequinceyar@hostgator.com,488-402-0836,Organizer
389,jcuthbertas,gwrassellas@ibm.com,383-247-0370,Manager
390,jnealeyat,lthorneloeat@example.com,845-708-6869,Organizer
391,agironau,ebelinau@kickstarter.com,828-548-8519,Organizer
392,wsummerlieav,ggiacopettiav@icio.us,895-490-2123,Organizer
393,ccooteaw,dcheccucciaw@bluehost.com,639-786-6304,Organizer
394,aarnoudax,hwannanax@bloglovin.com,788-895-7930,Organizer
395,nrackamay,aellesmereay@netlog.com,375-946-9850,Organizer
396,colomanaz,ztrayteaz@desdev.cn,628-238-1154,Manager
397,nabraminb0,mlancastleb0@blinklist.com,588-137-9565,Organizer
398,apenellab1,ryouteadb1@google.fr,646-351-8926,Organizer
399,ssherebrookb2,geveringtonb2@who.int,281-942-0086,Organizer
400,tsharramb3,rkinetonb3@state.gov,563-256-0632,Manager
401,dgeraghtyb4,bmillb4@livejournal.com,622-729-5943,Organizer
402,mfittallb5,ithebeaub5@cafepress.com,665-653-9384,Manager
403,sdunridgeb6,remerineb6@tinyurl.com,293-361-6514,Organizer
404,mfairestb7,rbevensb7@trellian.com,986-874-1119,Manager
405,dcollinetteb8,feynonb8@fc2.com,161-673-3925,Manager
406,raxtensb9,tkebleb9@163.com,464-233-9206,Manager
407,rcrutba,gcasillasba@blogs.com,795-115-3775,Organizer
408,rguitonneaubb,mwhybornbb@apache.org,145-819-9318,Manager
409,skailbc,fherleybc@fastcompany.com,198-260-4608,Manager
410,cpitkinbd,wdorwoodbd@sourceforge.net,365-195-3345,Organizer
411,jarmstrongbe,kshilstonebe@xrea.com,209-576-3663,Organizer
412,clevibf,rszymanzykbf@blogspot.com,847-717-8893,Manager
413,cnewdickbg,lshilstonebg@psu.edu,404-312-5454,Organizer
414,hblowingbh,utwinebh@nymag.com,416-534-0855,Manager
415,sminguetbi,tketcherbi@godaddy.com,592-879-3169,Manager
416,aodeebj,challetbj@plala.or.jp,714-818-2250,Organizer
417,thaltbk,theffybk@cnn.com,978-890-5227,Organizer
418,pbernettebl,rklaffbl@wix.com,252-746-9023,Manager
419,kgreenstockbm,psarabm@tinypic.com,394-778-8486,Manager
420,jflintoftbn,avaissierebn@mozilla.org,492-594-8022,Manager
421,smuirbo,jruslenbo@gizmodo.com,576-964-4605,Organizer
422,zfrancebp,msellensbp@slideshare.net,878-241-6527,Organizer
423,crositabq,tsearchbq@narod.ru,412-932-4500,Organizer
424,wcouldwellbr,jyesbr@uol.com.br,463-634-7907,Organizer
425,dmactimpanybs,ktoshbs@hao123.com,305-262-5112,Manager
426,iproombt,mtowndrowbt@vinaora.com,370-598-1194,Organizer
427,vmacvaughbu,tblanchebu@hp.com,682-762-1363,Manager
428,ymorrottbv,pmckeurtanbv@wired.com,345-212-4997,Organizer
429,xpallentbw,etrangmarbw@chronoengine.com,647-435-2406,Manager
430,adablinbx,ncowndleybx@aboutads.info,226-664-2647,Organizer
431,ahenrysonby,cslefordby@disqus.com,580-404-3219,Organizer
432,wristebz,pdallynbz@netlog.com,803-136-3454,Organizer
433,jpinac0,gholberryc0@jigsy.com,247-276-0467,Manager
434,mmuroc1,lmownec1@apple.com,647-780-9502,Organizer
435,hshirerc2,jbartc2@4shared.com,394-121-2894,Organizer
436,mmcgiffinc3,mwandrackc3@tripod.com,354-665-0178,Organizer
437,cgoodyc4,lguyverc4@uol.com.br,535-650-0725,Manager
438,sziehmsc5,cspearettc5@dmoz.org,739-560-0491,Manager
439,vknaptonc6,dmaylottc6@blogspot.com,521-390-9999,Manager
440,mprinnettc7,lsloyanc7@xrea.com,311-314-8810,Organizer
441,lcardinalc8,pbettlesc8@mediafire.com,656-590-7450,Organizer
442,cdissmanc9,wbiasiolic9@sciencedirect.com,900-543-6309,Organizer
443,lconibearca,kdroverca@mail.ru,200-626-5230,Organizer
444,dbridgescb,npolglasecb@sfgate.com,553-186-6069,Manager
445,pdeathcc,hpurringtoncc@nba.com,550-363-6227,Manager
446,jrosenwaldcd,jubeecd@vinaora.com,549-476-2207,Organizer
447,fllorensce,vbasterfieldce@zdnet.com,750-583-8148,Organizer
448,adumbletoncf,jarmittcf@mlb.com,776-230-4398,Organizer
449,bgarardcg,mbortoluzzicg@etsy.com,441-484-6281,Organizer
450,zreddingsch,lpesslerch@hud.gov,476-235-1933,Organizer
451,awilceci,kbaltrushaitisci@qq.com,313-617-5855,Manager
452,druecastlecj,syellopcj@epa.gov,779-932-3397,Organizer
453,ceslingerck,sradbandck@ed.gov,583-790-6044,Manager
454,nkidsleycl,elyburncl@sitemeter.com,845-804-9456,Manager
455,nboatecm,kposercm@berkeley.edu,204-533-8799,Organizer
456,nhanckecn,kdoumerquecn@sun.com,573-604-0303,Organizer
457,eadneyco,lbollesco@altervista.org,812-631-4405,Manager
458,cwilcotcp,isloegravecp@tripadvisor.com,814-355-2317,Manager
459,cgarlickecq,gbestwallcq@google.fr,758-135-5067,Organizer
460,ifrancescuzzicr,rbemrosecr@1und1.de,178-204-1845,Organizer
461,wsympercs,tmatzeitiscs@nhs.uk,644-523-8265,Manager
462,jscurreyct,pfranzewitchct@stumbleupon.com,491-286-3492,Manager
463,dyosselevitchcu,kiorizzicu@ucoz.ru,890-268-0143,Organizer
464,kdenleycv,solyfatcv@youku.com,748-429-9762,Organizer
465,ahorningcw,gfelloscw@kickstarter.com,457-433-5030,Organizer
466,disaacsoncx,gvasilechkocx@hao123.com,599-627-1380,Manager
467,cmacmeartycy,dcolledgecy@yelp.com,357-619-5193,Organizer
468,bpurdeycz,hblampeycz@tumblr.com,713-478-5307,Organizer
469,nindd0,ejudend0@dropbox.com,562-952-3864,Manager
470,ktempestd1,lpoulterd1@hubpages.com,224-585-6954,Manager
471,achalonerd2,lempletond2@com.com,202-399-9745,Organizer
472,fgeorgievskid3,asord3@nps.gov,835-252-1590,Manager
473,rballanced4,pespinhod4@networkadvertising.org,560-801-6685,Organizer
474,aoggerd5,nbohillsd5@comsenz.com,411-264-7083,Organizer
475,ihawkshawd6,amarklundd6@ycombinator.com,908-511-7341,Organizer
476,jhardakerd7,klamdind7@indiatimes.com,789-354-3499,Organizer
477,fwybourned8,daffleckd8@examiner.com,770-823-0376,Organizer
478,mspryd9,htestrod9@prlog.org,154-640-4698,Manager
479,iboutwellda,jcraggda@reverbnation.com,681-468-7277,Organizer
480,vwraightdb,bsaffrindb@wix.com,834-389-9012,Organizer
481,wealamdc,cdiversdc@marketwatch.com,884-698-1874,Manager
482,bdahlbergdd,sandreiadd@nationalgeographic.com,258-403-0336,Manager
483,fcastanaresde,rscapelhornde@tumblr.com,386-896-6332,Organizer
484,smelettidf,etibblesdf@discuz.net,632-587-6200,Organizer
485,tmcfarlanddg,bbenoixdg@upenn.edu,117-715-7908,Manager
486,sdahilldh,achancelierdh@umich.edu,249-545-9600,Organizer
487,mogeneaydi,sdurantedi@goo.ne.jp,978-779-2897,Organizer
488,ocartledgedj,egentschdj@forbes.com,687-330-7923,Manager
489,tpimblettdk,tmoirdk@google.com,151-234-8883,Manager
490,kidneydl,sclurowdl@japanpost.jp,122-305-5272,Manager
491,rbricknalldm,ldunstalldm@shareasale.com,798-715-1986,Manager
492,aogborndn,jpiedn@harvard.edu,902-920-0354,Manager
493,llangedo,gsavinsdo@qq.com,800-556-3585,Organizer
494,aheddedp,bkondrachenkodp@nyu.edu,726-222-2909,Manager
495,ydiaperdq,cfruchterdq@pen.io,926-143-4799,Organizer
496,dgorickedr,dmarkhamdr@exblog.jp,926-919-9156,Organizer
497,acortesds,atalloeds@usda.gov,291-334-4065,Manager
498,wbengaldt,dlennardedt@disqus.com,911-440-3251,Organizer
499,sfrusherdu,ngoodrightdu@china.com.cn,971-851-0231,Organizer
500,fadanetdv,mfrangodv@abc.net.au,325-660-7633,Organizer
501,bsizelanddw,uhamshardw@360.cn,687-122-5174,Organizer
502,mwaddydx,dseindx@webmd.com,822-560-0417,Organizer
503,obuerdy,rcolpusdy@1688.com,957-237-8796,Organizer
504,tpharodz,lbarsondz@dyndns.org,372-316-0169,Organizer
505,eisace0,jwhytemane0@ifeng.com,605-751-9825,Manager
506,bcrosstone1,anoone1@columbia.edu,287-372-2958,Manager
507,kdaverine2,nbraithwaite2@alexa.com,302-831-1771,Organizer
508,dlorrimane3,dvanderbruge3@about.com,599-644-2449,Manager
509,njandake4,xlivingse4@jalbum.net,388-336-5642,Organizer
510,msmittounee5,asnewine5@walmart.com,569-308-8418,Organizer
511,cterzie6,afoldse6@a8.net,974-854-1185,Organizer
512,naldriche7,jthewse7@pagesperso-orange.fr,545-449-8013,Manager
513,pyewmane8,jmerigone8@symantec.com,334-550-6291,Manager
514,eworville9,cmurtye9@list-manage.com,684-484-9390,Organizer
515,amacveanea,dwakerleyea@blinklist.com,116-325-1827,Manager
516,ystollenwerckeb,mhakeeb@uol.com.br,855-500-3170,Organizer
517,jsoreec,nhedleyec@people.com.cn,760-800-2060,Manager
518,gbarizereted,saxceled@time.com,992-383-7857,Manager
519,aecclestoneee,rviscoviee@amazon.co.uk,657-931-6667,Organizer
520,ebonassef,gterbruggenef@hhs.gov,704-339-5058,Organizer
521,pklaggeseg,klamlineg@webnode.com,119-218-5083,Manager
522,hmcgeaneyeh,vhassetteh@abc.net.au,469-101-9595,Organizer
523,pcollingdonei,wzamoraei@infoseek.co.jp,872-273-8232,Organizer
524,apyffeej,elipyeatej@gmpg.org,258-276-5566,Organizer
525,sgodthaabek,dpavlishchevek@un.org,778-237-3412,Manager
526,acurlisel,vrojasel@symantec.com,564-760-4388,Organizer
527,tbasketfieldem,uleprevostem@nytimes.com,337-768-6941,Manager
528,cjordonen,sroadknighten@alexa.com,439-243-9638,Manager
529,hsleanyeo,rgillaneo@e-recht24.de,666-394-1093,Manager
530,sgozneyep,umcpakeep@ed.gov,466-640-0679,Organizer
531,wkiplingeq,sstancereq@princeton.edu,983-997-0759,Manager
532,hgavaghaner,tthurberer@gravatar.com,786-506-8666,Manager
533,hhanrottes,afransmanes@pagesperso-orange.fr,443-900-7325,Manager
534,hspottiswoodet,hmuntet@stanford.edu,100-686-6909,Organizer
535,jallporteu,dpheasanteu@freewebs.com,420-154-9443,Manager
536,asnarieev,emetzingev@army.mil,753-282-7054,Organizer
537,dthackrayew,mmindenhallew@yale.edu,183-468-5433,Manager
538,hhadcroftex,ccalderaex@tmall.com,583-949-8427,Manager
539,crydingey,msarneyey@go.com,257-297-0892,Organizer
540,ajolyez,tkleuerez@examiner.com,851-583-0679,Organizer
541,mgappf0,bhubbinsf0@cam.ac.uk,818-604-3057,Organizer
542,cbraunsteinf1,abettanayf1@nih.gov,882-937-0231,Manager
543,cbirtonshawf2,wkiernanf2@last.fm,780-305-9990,Manager
544,dtuckief3,hgerreltsf3@umn.edu,267-487-9351,Organizer
545,cphittiplacef4,ajodlkowskif4@linkedin.com,160-918-2862,Manager
546,oavrasinf5,dclipstonf5@ameblo.jp,333-244-2063,Manager
547,drodearf6,gstrotonef6@amazon.com,315-920-9291,Organizer
548,kconyerf7,lcameratif7@pbs.org,758-364-2892,Manager
549,cgillilandf8,eslimmingf8@ifeng.com,113-765-6654,Organizer
550,eosgorbyf9,ejealf9@columbia.edu,393-870-6297,Manager
551,ndewickfa,tmongeotfa@si.edu,404-553-6655,Manager
552,lkinnochfb,mvanderweedenburgfb@rambler.ru,401-258-0188,Organizer
553,ndoefc,rsirrellfc@ustream.tv,235-541-6843,Organizer
554,alarmorfd,gsmewingfd@hibu.com,411-838-7015,Organizer
555,ggirauxfe,mrennebachfe@plala.or.jp,761-334-6657,Organizer
556,sloeberff,rmaciasff@topsy.com,659-716-9116,Manager
557,cgagesfg,hbuxamfg@github.com,511-401-3935,Organizer
558,calbasinifh,asoutheranfh@uol.com.br,437-920-2500,Manager
559,rcouchefi,loiseaufi@miitbeian.gov.cn,850-134-9035,Organizer
560,roverstreetfj,jbaptistafj@smugmug.com,409-135-9252,Organizer
561,aspeaksfk,ckoppkefk@nytimes.com,850-990-6364,Manager
562,lbachanskifl,llednerfl@uiuc.edu,688-729-0535,Manager
563,noverfm,tmacsharryfm@sbwire.com,658-300-1591,Manager
564,swaumsleyfn,draithbyfn@mit.edu,857-167-6090,Manager
565,spettkofo,bbalmafo@nba.com,620-672-2695,Organizer
566,ntidcombfp,nhenningtonfp@tripod.com,776-797-2110,Organizer
567,mspradbrowfq,kkamenarfq@zdnet.com,677-465-1729,Manager
568,coldfieldfr,apablosfr@oracle.com,935-743-5035,Organizer
569,jhallaganfs,kcaudellfs@harvard.edu,568-345-2441,Organizer
570,aclayworthft,ashilstonft@marriott.com,699-268-1244,Manager
571,aedardsfu,wseadonfu@ocn.ne.jp,123-371-1164,Manager
572,amccraefv,pkastelfv@de.vu,182-331-0930,Manager
573,srockwillfw,cbarthelemyfw@parallels.com,227-424-8191,Organizer
574,hrunchmanfx,ekleinerfx@tumblr.com,395-598-2944,Manager
575,tpetrovskyfy,dharlowfy@dot.gov,243-338-6050,Manager
576,rrabbfz,dgiovannaccifz@phpbb.com,409-361-5581,Organizer
577,pparrettg0,ptorryg0@tinypic.com,904-955-3148,Manager
578,alockheadg1,gsoigneg1@ezinearticles.com,656-457-6590,Manager
579,dcutteridgeg2,mmorrisseyg2@51.la,619-617-8818,Manager
580,rbumfordg3,cmitchellg3@tamu.edu,480-250-6689,Manager
581,sbostickg4,dheasemang4@prnewswire.com,249-801-1736,Manager
582,jsavilleg5,cradbandg5@4shared.com,296-748-4539,Organizer
583,hgilhamg6,mbanyardg6@ustream.tv,429-229-4886,Manager
584,mtrettg7,brawoodg7@geocities.jp,891-502-6018,Organizer
585,ddunbarg8,rvealg8@state.gov,632-554-0738,Organizer
586,wsauvaing9,cmccullouchg9@sakura.ne.jp,366-231-2588,Organizer
587,bloveladyga,csalvinga@gnu.org,813-192-0539,Manager
588,csproulsgb,tgekegb@google.es,797-694-8834,Organizer
589,pstoyellgc,sjowseygc@toplist.cz,119-700-8916,Organizer
590,zdewersongd,phanmoregd@marketwatch.com,471-494-6071,Organizer
591,chargetge,tcaliforniage@odnoklassniki.ru,239-551-5167,Organizer
592,fgyrgorwicxgf,mdomanskigf@ifeng.com,307-675-4243,Manager
593,loakinfoldgg,mhavesidesgg@soundcloud.com,102-393-1884,Manager
594,jcreegangh,aberrillgh@homestead.com,855-669-3379,Manager
595,sheggiegi,fbentickgi@blog.com,137-425-0934,Organizer
596,bjerygj,nkuschekgj@sfgate.com,897-294-2902,Manager
597,dstetlyegk,fcrimgk@blogs.com,408-673-5867,Organizer
598,idymockgl,kstoopgl@blogs.com,617-177-2907,Organizer
599,lgonzalvogm,msimkovitzgm@ameblo.jp,828-949-0236,Organizer
600,ckilmurraygn,wmargerygn@cdc.gov,218-203-5103,Organizer
601,rgoodlattgo,naggottgo@pen.io,219-458-0069,Manager
602,ssaverygp,rmcterrygp@ocn.ne.jp,694-797-3928,Organizer
603,ptrousdellgq,jwinspargq@goodreads.com,222-859-9496,Manager
604,gmucklegr,triccigr@amazon.co.jp,809-120-0956,Organizer
605,cnewartegs,sharringgs@drupal.org,756-881-9717,Manager
606,vhoulaghangt,gvowellgt@spiegel.de,198-640-4524,Organizer
607,kguilletgu,kdanzeygu@europa.eu,899-153-4039,Manager
608,ywhysallgv,josiringv@nifty.com,729-565-6520,Organizer
609,wkilvingtongw,bfruchtergw@jiathis.com,712-189-8360,Organizer
610,igreenalfgx,rotridgegx@nifty.com,945-800-0313,Organizer
611,astaninggy,gleavoldgy@samsung.com,454-149-2774,Manager
612,cpendallgz,rifillgz@blogspot.com,287-519-0664,Manager
613,jmacparlandh0,nthrushh0@skype.com,176-945-6430,Organizer
614,rgiamuzzoh1,pmousleyh1@meetup.com,530-980-5324,Organizer
615,bephgraveh2,rspraggeh2@geocities.com,435-431-0871,Organizer
616,acorrisonh3,epogsonh3@cafepress.com,519-351-5061,Organizer
617,pmepstedh4,ckitteringhamh4@dailymail.co.uk,675-212-1734,Organizer
618,jchaunceh5,rwhitwhamh5@examiner.com,347-659-4552,Organizer
619,lmcgillh6,abingleh6@hhs.gov,555-598-4230,Organizer
620,ckarleh7,lgilphillanh7@illinois.edu,629-629-8678,Organizer
621,blegliseh8,bindgeh8@google.cn,329-806-3063,Organizer
622,dhutchesonh9,rgaganh9@ovh.net,179-406-5871,Organizer
623,nkeatsha,sgyrgorwicxha@jigsy.com,621-139-7556,Manager
624,gmivalhb,jheavenhb@ca.gov,634-376-4923,Organizer
625,jsilvertonhc,bdaykinhc@imgur.com,383-957-1841,Organizer
626,gvidlerhd,ncoalburnhd@yandex.ru,539-449-0066,Organizer
627,ematthaihe,dperseyhe@plala.or.jp,372-368-5368,Organizer
628,lgillowhf,echantlerhf@usda.gov,949-990-9464,Manager
629,ckimblyhg,hkmenthg@go.com,632-419-6413,Organizer
630,cmaharghh,rhazeldenehh@fastcompany.com,280-107-1396,Manager
631,gdelatourhi,dvartyhi@imgur.com,192-195-9399,Manager
632,hclowneyhj,rmorpethhj@example.com,533-466-4960,Organizer
633,ntrenthk,lknaptonhk@youtube.com,399-599-1496,Organizer
634,acarlawhl,xwestoverhl@t.co,289-341-3596,Manager
635,hbutlinhm,lgrundonhm@chron.com,554-277-8024,Organizer
636,wjameshn,ftemplemanhn@rakuten.co.jp,562-936-1602,Manager
637,oollerho,bbassillho@census.gov,785-681-1813,Organizer
638,ffigurskihp,gtalehp@surveymonkey.com,373-641-6422,Organizer
639,gfirmanhq,bgiacomohq@issuu.com,712-943-0435,Organizer
640,jgerhtshr,rricholdhr@g.co,307-384-3178,Organizer
641,ealloths,pabrahamssonhs@time.com,393-783-2051,Manager
642,zcorkhillht,mdionsettoht@cdbaby.com,703-888-2763,Manager
643,aburbankhu,dalbrohu@wisc.edu,159-186-0466,Organizer
644,cearngyhv,rmaddockshv@forbes.com,663-260-0124,Organizer
645,ddegogayhw,trederhw@eepurl.com,823-285-7450,Organizer
646,mmoylerhx,nmcelanehx@live.com,928-542-2474,Manager
647,creffehy,bbogieshy@cargocollective.com,530-287-3351,Manager
648,ltatherhz,bbreachhz@simplemachines.org,179-880-8377,Manager
649,mscrogginsi0,cweddeburni0@theguardian.com,344-524-1838,Organizer
650,crowi1,prayntoni1@1und1.de,646-921-2071,Manager
651,rpoli2,spettecrewi2@com.com,472-711-3805,Manager
652,eparysownai3,dbonhomei3@examiner.com,176-895-0222,Manager
653,hbreensi4,glackyi4@discovery.com,641-463-4204,Manager
654,wotyi5,clebberni5@hao123.com,217-311-6813,Manager
655,wsmalridgei6,bjarredi6@scientificamerican.com,166-547-1819,Organizer
656,aventurai7,hdeernessi7@cnbc.com,751-111-1417,Organizer
657,kwetheyi8,rbelderfieldi8@macromedia.com,261-100-0939,Organizer
658,sbrunetoni9,kcampellii9@yandex.ru,269-161-5312,Organizer
659,brathbourneia,lhodintonia@quantcast.com,851-337-2588,Organizer
660,shinschib,cwatheyib@arizona.edu,159-947-5223,Manager
661,clabanic,pjeannonic@fema.gov,828-707-5852,Organizer
662,mdeakanid,dottewillid@addthis.com,303-685-5215,Organizer
663,mbatchelourie,rsimononskyie@furl.net,323-662-4516,Manager
664,hlantophif,pjedrychif@scientificamerican.com,712-204-2659,Organizer
665,ajirieckig,dfrankenig@state.tx.us,753-907-2826,Manager
666,clilfordih,ofellonaih@phpbb.com,797-226-4222,Manager
667,afoardii,boloughnanii@over-blog.com,745-811-9937,Organizer
668,sstlouisij,gtourmellij@salon.com,929-931-6425,Organizer
669,edelacourtik,rmummeryik@oakley.com,890-107-2605,Organizer
670,msergeantil,bcaldecotil@mashable.com,327-580-8464,Organizer
671,iyurenevim,nbensteadim@1688.com,550-482-6381,Organizer
672,dskynerin,rlaethamin@redcross.org,616-109-4436,Organizer
673,klorenteio,jschmuhlio@gmpg.org,814-925-6409,Manager
674,cmchaffyip,mcrittalip@simplemachines.org,875-231-7061,Manager
675,jmooreiq,agiggieiq@harvard.edu,845-679-9239,Organizer
676,pgoldupir,amckueir@statcounter.com,998-885-6196,Organizer
677,sjammeis,afitzsymonis@yolasite.com,959-763-4086,Organizer
678,prusselit,aoldacreit@macromedia.com,380-465-3852,Organizer
679,lmacpikeiu,cstainlandiu@alexa.com,334-803-3845,Organizer
680,pcrunkhorniv,mbargeryiv@netscape.com,720-837-6624,Manager
681,imckeaveneyiw,tfilintseviw@shinystat.com,163-437-5656,Organizer
682,ssircombix,mohalloranix@jiathis.com,253-881-3760,Organizer
683,jbavridgeiy,asailsiy@ft.com,817-440-6972,Organizer
684,lbraunleiniz,moglethorpeiz@yelp.com,922-699-8327,Manager
685,bseylerj0,jjanikj0@webnode.com,684-900-0314,Manager
686,hknibbsj1,dleanj1@globo.com,297-878-1537,Organizer
687,dsinisburyj2,esimounetj2@fastcompany.com,526-745-5311,Organizer
688,mdrakej3,pennewj3@unesco.org,518-125-0459,Manager
689,dblabyj4,sbarnardj4@yellowpages.com,892-714-0347,Manager
690,rcaminj5,mothickj5@google.com,411-562-4182,Organizer
691,jpresserj6,mwhatsonj6@hugedomains.com,578-946-0222,Organizer
692,jlongeaj7,kgowryj7@alexa.com,750-200-4734,Manager
693,cmateescuj8,omurpheyj8@cloudflare.com,710-351-9201,Organizer
694,pgildersleevej9,kbattj9@reddit.com,868-909-5267,Manager
695,skennardja,nwhiffinja@cbsnews.com,451-289-3712,Organizer
696,cmedendorpjb,cspelwoodjb@sun.com,848-579-0713,Manager
697,foshieljc,tsummerscalesjc@shop-pro.jp,410-876-4267,Manager
698,bhalsejd,emalinowskijd@yolasite.com,873-196-6851,Manager
699,slowseleyje,zendricije@friendfeed.com,870-959-5451,Organizer
700,hschollarjf,bkeaysjf@java.com,291-787-3265,Organizer
701,ajemmettjg,aeggarjg@redcross.org,164-900-5414,Manager
702,ewannesjh,jcoyjh@typepad.com,748-243-3278,Organizer
703,tsiudaji,rtroddji@state.tx.us,976-220-6146,Organizer
704,rpalinjj,gbloxsomjj@hugedomains.com,654-492-6781,Manager
705,fanselljk,bbartelsjk@wufoo.com,559-858-9364,Manager
706,hfeldmannjl,dfreezerjl@marriott.com,186-480-2105,Organizer
707,ahulancejm,cmeriotjm@msu.edu,788-385-1784,Manager
708,fwilmotjn,oligertonjn@typepad.com,516-194-6233,Organizer
709,fwarkejo,bvynolljo@facebook.com,854-852-3438,Organizer
710,pbertheletjp,vbirkbeckjp@epa.gov,808-758-5036,Manager
711,cbrewertonjq,kamissjq@sfgate.com,570-594-8360,Manager
712,soveralljr,fgrimblebyjr@go.com,615-196-7616,Manager
713,vwinscombjs,atattoojs@dell.com,625-170-3163,Manager
714,atuitejt,aclouttjt@clickbank.net,153-410-3543,Organizer
715,kplewrightju,mwychardju@feedburner.com,959-147-9034,Organizer
716,rgivejv,jbraizierjv@hc360.com,942-407-4231,Organizer
717,blalorjw,rdrydalejw@stumbleupon.com,275-257-3979,Manager
718,nbuglarjx,cburrowjx@youku.com,505-209-3891,Manager
719,mdimmackjy,mtalljy@jugem.jp,751-556-8226,Organizer
720,gwescottjz,amaeerjz@gov.uk,738-634-5243,Organizer
721,fwilcek0,bmckerleyk0@desdev.cn,716-316-1755,Organizer
722,clatourk1,jsussamsk1@cloudflare.com,679-537-0516,Manager
723,lmarquessk2,mstanfordk2@taobao.com,697-376-3554,Organizer
724,pgeorgotk3,akochlink3@csmonitor.com,963-742-8615,Manager
725,sniavesk4,rcardenosak4@networksolutions.com,836-297-9555,Manager
726,ogrimseyk5,bonraetk5@tinyurl.com,675-645-5846,Manager
727,zeggintonk6,ltowellk6@edublogs.org,422-936-3988,Manager
728,emilank7,wsacksk7@jugem.jp,846-819-9698,Manager
729,lkiggelk8,trozenbaumk8@mozilla.org,229-312-5349,Manager
730,rledwardk9,epinckedk9@state.tx.us,686-895-6536,Organizer
731,ftrebyka,osanneyka@amazonaws.com,671-232-6247,Manager
732,ihunnaballkb,gthoringtonkb@devhub.com,517-983-1593,Organizer
733,dteazekc,mbatchelourkc@huffingtonpost.com,709-644-8786,Organizer
734,jlaurencekd,rlindstedtkd@example.com,568-762-6709,Manager
735,cfenlonke,egwinnke@cyberchimps.com,115-161-3264,Organizer
736,hdoolerkf,elabinkf@google.com.hk,631-296-1674,Manager
737,slowndsbroughkg,brathmellkg@examiner.com,722-737-9199,Organizer
738,xmcquillenkh,hquarrellkh@php.net,297-977-5911,Organizer
739,bpattendenki,mbarkhouseki@sciencedirect.com,829-574-6878,Organizer
740,hburcombekj,daubinkj@yahoo.com,754-748-5633,Organizer
741,meakenskk,ehriinchenkokk@usgs.gov,804-487-4250,Manager
742,nphettiplacekl,amercikkl@nasa.gov,302-119-0497,Manager
743,ldeabillkm,obrumenkm@furl.net,347-437-1737,Organizer
744,odelunakn,mpywellkn@csmonitor.com,979-490-4941,Manager
745,ttameko,fletteresseko@biblegateway.com,191-866-2052,Manager
746,mcoplandkp,dbartolomuccikp@fema.gov,698-210-6416,Manager
747,fisleskq,rewbanchekq@seattletimes.com,394-415-7564,Organizer
748,cbuyerskr,vformbykr@bizjournals.com,369-818-4449,Manager
749,rmetterickks,acanwellks@washington.edu,383-623-7844,Organizer
750,mcardenaskt,sjakucewiczkt@spiegel.de,235-382-6934,Organizer
751,jtriggku,bdeaconku@soundcloud.com,584-522-6376,Manager
752,dpendleberykv,wreckuskv@ask.com,985-183-9915,Manager
753,salpskw,mfebvrekw@nasa.gov,434-462-4524,Organizer
754,kpfeffelkx,npenninikx@1688.com,517-538-6517,Organizer
755,cmurdochky,nbywaterky@vkontakte.ru,115-497-5855,Organizer
756,jchimientikz,jkingslykz@hatena.ne.jp,205-449-7790,Manager
757,awillougheyl0,jwhittickl0@sbwire.com,708-499-5263,Organizer
758,jfridl1,dcouplandl1@harvard.edu,211-575-0533,Manager
759,sgangel2,jreedmanl2@walmart.com,664-203-0707,Manager
760,dheynsl3,ealdgatel3@nyu.edu,415-305-2893,Organizer
761,ablumerl4,nhucquartl4@diigo.com,630-713-4467,Manager
762,ebockl5,drittmeyerl5@prlog.org,166-331-8957,Manager
763,apurdoml6,fbeggl6@dot.gov,163-233-7961,Organizer
764,fvisickl7,hschoberl7@spotify.com,584-804-1447,Manager
765,rmatterisl8,nofergusl8@lycos.com,987-250-2692,Manager
766,umenichil9,cbenezeitl9@amazon.co.jp,589-551-0850,Organizer
767,oomannionla,acarsela@craigslist.org,903-553-2628,Organizer
768,jingmanlb,gdunawaylb@zdnet.com,357-288-5432,Organizer
769,jrettielc,jcuradolc@reference.com,421-992-6721,Manager
770,rgobellld,lfosseld@gmpg.org,218-609-3730,Manager
771,hduggetle,khessele@pinterest.com,347-488-3587,Organizer
772,dgenerylf,mgoathroplf@ted.com,254-233-8074,Manager
773,jstennetlg,llearnedlg@goo.gl,859-262-4275,Organizer
774,irussanlh,jhaymeslh@epa.gov,893-889-9156,Manager
775,bcastertonli,asnodayli@bizjournals.com,976-214-8213,Organizer
776,btebbetlj,bedgerlj@addthis.com,372-201-2941,Manager
777,egonneaulk,hmanvillelk@storify.com,367-980-3842,Manager
778,aentisslell,bpickwellll@ucsd.edu,321-257-7893,Manager
779,btudbaldlm,cduthylm@google.co.jp,421-511-5394,Organizer
780,bvalaln,btummonsln@bandcamp.com,884-769-0081,Organizer
781,etebbelo,rdelepinelo@dropbox.com,191-103-4915,Manager
782,bbloomanlp,madamoviczlp@furl.net,942-307-9735,Manager
783,wmeeronlq,ogiacobbinijacoblq@squarespace.com,543-485-3569,Manager
784,dferrarottilr,jsolwaylr@wufoo.com,524-300-9275,Organizer
785,kkenionls,lnewartels@reuters.com,702-994-2775,Manager
786,dkeartonlt,bbowditchlt@xinhuanet.com,849-704-1111,Manager
787,bstainlu,hsimonichlu@deliciousdays.com,148-745-7633,Organizer
788,mhustingslv,rrebouletlv@si.edu,371-845-3929,Manager
789,adurlinglw,wroswarnlw@google.de,648-805-2553,Manager
790,ccaswelllx,nrisleylx@hao123.com,476-719-5467,Manager
791,ldysterly,ekitchingmanly@youtu.be,918-200-8444,Manager
792,asibbonslz,kbecarralz@mayoclinic.com,901-683-8177,Manager
793,mlansdownm0,fchevinsm0@ameblo.jp,868-724-5534,Organizer
794,bhaym1,ljacobowitsm1@indiatimes.com,146-320-0322,Organizer
795,srenzinim2,rbourdism2@acquirethisname.com,523-878-3020,Organizer
796,dglandersm3,alambem3@unblog.fr,338-545-2116,Manager
797,bdowningm4,gschiellm4@dailymotion.com,744-348-9919,Manager
798,bspinckem5,nughinim5@infoseek.co.jp,925-772-4276,Organizer
799,wyedallm6,hbarockm6@pinterest.com,619-960-4162,Organizer
800,nhuttm7,ptinkm7@typepad.com,566-316-9536,Manager
801,asyriem8,brigbym8@w3.org,529-270-1172,Manager
802,rpresdeem9,cculbardm9@unicef.org,211-799-4336,Manager
803,kbayliema,ryaknovma@yale.edu,949-120-1916,Manager
804,kwellesleymb,ebonhammb@wunderground.com,986-955-5144,Manager
805,bbarfittmc,sdowkermc@ameblo.jp,303-292-6857,Organizer
806,mwhitecrossmd,bnorcliffmd@posterous.com,423-440-9712,Organizer
807,rjancarme,usandayme@prweb.com,342-585-9159,Manager
808,jdillowaymf,kdomenymf@bandcamp.com,644-398-7612,Organizer
809,dfosberrymg,pcicullomg@twitpic.com,158-483-6192,Manager
810,bfickmh,kdommmh@nps.gov,412-229-0859,Organizer
811,abothwellmi,rstqueninmi@wikispaces.com,294-464-6908,Organizer
812,mbrookesmj,lemblowmj@shinystat.com,182-127-0379,Manager
813,lpetrulismk,dscallanmk@engadget.com,299-957-2750,Manager
814,vmorstattml,ehallbordml@businesswire.com,129-312-9084,Organizer
815,bowtrammm,vflaubertmm@nydailynews.com,974-193-2185,Organizer
816,cpischelmn,nkillemn@thetimes.co.uk,412-224-8958,Manager
817,nlegassickmo,pbenglemo@spiegel.de,604-323-3178,Organizer
818,spurriermp,plohdemp@icio.us,678-129-5753,Manager
819,mheatlymq,jbernthmq@linkedin.com,654-584-7167,Manager
820,dbrucemr,cgibbardmr@ucsd.edu,790-444-8553,Manager
821,hdranfieldms,paismanms@harvard.edu,282-166-6454,Organizer
822,cwegenenmt,ldavydychevmt@mayoclinic.com,908-822-2520,Organizer
823,wwhitfieldmu,mjovicevicmu@opera.com,485-397-3915,Manager
824,rpitthammv,nutleymv@ow.ly,625-684-2076,Manager
825,mcamellimw,dlambolemw@amazon.co.jp,851-295-8692,Organizer
826,wlefrankmx,cdomonimx@cdc.gov,282-393-6872,Manager
827,localleranmy,bvandecastelemy@unblog.fr,124-573-9712,Manager
828,pmarrettmz,bescudiermz@wikia.com,871-535-4852,Organizer
829,bkilgallenn0,fwhetnelln0@t.co,592-564-6322,Manager
830,smounceyn1,bpleyn1@google.pl,496-793-7011,Manager
831,ieversonn2,sabrahamoffn2@privacy.gov.au,989-920-8201,Organizer
832,nallseppn3,tlardeurn3@businessinsider.com,677-776-6186,Organizer
833,dfoshn4,ebennetn4@discuz.net,817-466-6807,Organizer
834,ctidboldn5,skingswoodn5@people.com.cn,726-239-0960,Manager
835,kdanielln6,acassedyn6@sun.com,480-940-1113,Organizer
836,gdodsworthn7,mpeatn7@nifty.com,784-995-8137,Organizer
837,fbellinn8,shoulistonn8@barnesandnoble.com,708-378-6923,Organizer
838,icansdelln9,grisboroughn9@xing.com,944-935-1958,Manager
839,mcrumbleholmena,ewimpeyna@jugem.jp,636-241-4259,Manager
840,hheathcotenb,jseymarknb@tripadvisor.com,986-746-6512,Manager
841,bcompsonnc,cfineync@devhub.com,936-113-2425,Manager
842,hchastelainnd,bcardond@ow.ly,370-825-6735,Manager
843,rlebrumne,pprandine@dion.ne.jp,404-991-7795,Organizer
844,sgullivernf,maronstamnf@cdbaby.com,345-920-1156,Manager
845,hbaynonng,lwilborng@shinystat.com,265-398-6233,Manager
846,aeakeleynh,nlarchernh@ox.ac.uk,829-997-2035,Organizer
847,ameneelyni,sburkerni@webmd.com,614-389-5893,Organizer
848,bdipietronj,dmclisenj@ucsd.edu,957-825-0141,Organizer
849,cvicknk,iflohardnk@people.com.cn,993-726-1863,Organizer
850,npennicknl,tlerhinannl@quantcast.com,694-977-1241,Organizer
851,mgoreynm,dmaggiorenm@berkeley.edu,633-405-4472,Manager
852,umatyushenkonn,jbambricknn@imageshack.us,387-753-3448,Manager
853,aedsallno,pretchlessno@sitemeter.com,704-285-8118,Organizer
854,jbubeernp,bsearlenp@sourceforge.net,526-222-9190,Organizer
855,lwhealnq,atweednq@nymag.com,291-731-4408,Organizer
856,cmeadowcraftnr,springuernr@chronoengine.com,872-174-6538,Organizer
857,mbeningfieldns,chairsinens@studiopress.com,898-973-2151,Manager
858,jhoffmannt,ifazakerleynt@weibo.com,895-203-6233,Manager
859,bbiglynu,lmirandanu@google.co.uk,417-283-4847,Manager
860,cwhatsonnv,dogaranv@godaddy.com,390-492-0448,Organizer
861,hmildnernw,wcordeuxnw@amazon.co.uk,555-851-6461,Manager
862,jpodmorenx,rbiestynx@guardian.co.uk,223-545-3339,Manager
863,cproppersny,mmourantny@examiner.com,559-116-9293,Manager
864,mkeyzmannz,bbrydonnz@indiatimes.com,166-431-0828,Manager
865,psentero0,apitmano0@cbsnews.com,898-384-2279,Manager
866,tferrio1,jokuddyhyo1@forbes.com,204-611-5236,Organizer
867,rbennyo2,mrodenburgho2@artisteer.com,904-284-6894,Manager
868,gagiolfingero3,kgumaryo3@independent.co.uk,382-327-9278,Manager
869,hvokinso4,asenteno4@gizmodo.com,684-467-0916,Organizer
870,kpentecosto5,mkovelmanno5@homestead.com,329-696-0652,Manager
871,khuckfieldo6,rbeevenso6@washingtonpost.com,143-541-7551,Organizer
872,ajothamo7,blowfillo7@furl.net,340-758-3987,Manager
873,apaleso8,isappyo8@disqus.com,781-124-0977,Manager
874,pforlongeo9,aargonto9@about.me,840-989-4297,Organizer
875,tblaschkeoa,swalpoleoa@storify.com,162-556-7005,Organizer
876,kzealeyob,srobionob@yahoo.com,775-576-6604,Manager
877,mmanginotoc,amiltonwhiteoc@bloglines.com,599-909-7885,Organizer
878,llewsonod,erollod@yelp.com,826-836-3373,Manager
879,mtrebbleoe,sflochoe@webeden.co.uk,559-528-1568,Organizer
880,kmehaffeyof,mglasermanof@dailymail.co.uk,242-663-7686,Organizer
881,ckenwrightog,cblaaseog@tuttocitta.it,666-107-8848,Manager
882,ahenriquetoh,ssawoh@simplemachines.org,708-978-6009,Manager
883,bsandlandoi,agettenoi@blinklist.com,330-372-3571,Organizer
884,cgaytonoj,tcogzelloj@about.com,578-840-8388,Manager
885,wlastok,runderwoodok@arstechnica.com,447-598-3241,Organizer
886,tmuckleol,cchesneyol@goo.gl,729-803-8123,Organizer
887,hvanderdaalom,lsimoensom@hugedomains.com,880-368-7993,Manager
888,nbamberon,lperleon@microsoft.com,840-221-9687,Organizer
889,dawtyoo,dgurtonoo@vistaprint.com,275-294-1212,Manager
890,rsegoeop,fmcdonandop@senate.gov,633-243-5689,Organizer
891,clandmanoq,aparminteroq@narod.ru,664-517-6635,Manager
892,fskellonor,gcottinghamor@list-manage.com,489-854-5826,Manager
893,pcornbellos,ktanswillos@cornell.edu,636-978-4096,Manager
894,gtreadawayot,espellerot@newsvine.com,475-305-5490,Manager
895,ejedrzejkiewiczou,hrobbinsou@cloudflare.com,456-740-2290,Organizer
896,hculchethov,efyallov@independent.co.uk,953-722-7344,Manager
897,dankrettow,lsemarkow@army.mil,975-360-0172,Organizer
898,iferronetox,csaddletonox@trellian.com,658-692-5321,Manager
899,rwarlockoy,rcranageoy@jugem.jp,834-856-4614,Organizer
900,mkingslandoz,ekingdomoz@csmonitor.com,717-139-7702,Manager
901,yskitterelp0,afarmarp0@sciencedaily.com,562-444-1257,Organizer
902,fpairpointp1,kdanilovp1@ask.com,183-888-0629,Manager
903,acoulthardp2,mbucklep2@canalblog.com,895-734-0049,Manager
904,gecclestonep3,ereedickp3@aol.com,204-847-6319,Manager
905,ideancywillisp4,sroadknightp4@adobe.com,893-706-2643,Organizer
906,mkainesp5,atrickerp5@shutterfly.com,754-805-0530,Manager
907,gbishopp6,tbleesp6@yahoo.co.jp,664-395-3618,Manager
908,brissenp7,fwhooleyp7@163.com,749-140-8569,Manager
909,alintheadp8,tmcgilvrayp8@amazonaws.com,301-148-8932,Manager
910,imoynhamp9,aborrisp9@nhs.uk,125-812-5246,Manager
911,abroadberrypa,rfrancapa@fc2.com,872-719-2663,Manager
912,hbodypb,mbaggianipb@instagram.com,644-198-1173,Organizer
913,mriccardipc,cwilfingerpc@un.org,783-187-5753,Manager
914,rtolchardpd,mbredespd@jigsy.com,672-193-1473,Manager
915,rbishopppe,ldripe@bing.com,323-914-0399,Organizer
916,dgasparpf,cwalewskipf@theatlantic.com,166-854-9169,Organizer
917,bbonicellipg,jhaguepg@fema.gov,927-610-9057,Manager
918,ttallentph,sbryningph@homestead.com,437-252-8343,Manager
919,lhulattpi,cfilmerpi@1688.com,854-967-3840,Manager
920,cjacobbepj,cthurgoodpj@reverbnation.com,202-228-4445,Organizer
921,cjessenpk,rszymanowiczpk@yahoo.co.jp,597-107-6700,Organizer
922,aandreollipl,lphillerpl@tiny.cc,340-754-4395,Organizer
923,sblincoepm,adurmanpm@hubpages.com,830-961-1276,Manager
924,cpitmanpn,trosaspn@mapy.cz,818-863-9943,Manager
925,ocalderwoodpo,sstonefewingspo@moonfruit.com,313-326-0709,Organizer
926,vsponerpp,jaslettpp@meetup.com,810-567-6617,Organizer
927,vroakespq,kmajorpq@archive.org,204-482-2186,Manager
928,tmanifieldpr,rriddifordpr@lycos.com,253-870-4955,Organizer
929,sphilbrookps,udrissellps@columbia.edu,816-708-4689,Organizer
930,wiacovaccipt,rdunfordpt@feedburner.com,422-241-5549,Organizer
931,rdumsdaypu,ttauntonpu@xinhuanet.com,451-370-0985,Organizer
932,rcreampv,dculppv@sbwire.com,933-775-1940,Organizer
933,klindseypw,cduckhampw@reddit.com,711-558-9507,Organizer
934,gwellumpx,jdionisiopx@quantcast.com,171-947-6096,Manager
935,thearthfieldpy,rhuotpy@tiny.cc,586-505-5102,Organizer
936,hthirkettlepz,jathowpz@un.org,481-948-2847,Organizer
937,fguthersonq0,arugieroq0@examiner.com,905-259-2728,Manager
938,ngodsmarkq1,lbubbingsq1@plala.or.jp,943-245-3230,Manager
939,merieq2,ksheehanq2@about.com,697-477-2102,Organizer
940,sblampiedq3,hredsellq3@psu.edu,967-302-2851,Organizer
941,asyneq4,eheaterq4@ebay.com,498-280-6113,Manager
942,hlaurieq5,zbachmannq5@arizona.edu,998-264-0791,Manager
943,hfruserq6,hklampkq6@google.ru,505-929-5142,Manager
944,ablibenq7,cfancottq7@mapquest.com,946-714-6484,Organizer
945,fhaggishq8,dedgertonq8@nytimes.com,778-744-4316,Manager
946,ploteq9,swreifordq9@marriott.com,974-101-4403,Organizer
947,abyersqa,acasadoqa@elpais.com,892-938-0380,Manager
948,kclissettqb,dantonomoliqb@irs.gov,707-394-5199,Manager
949,ewilloughbyqc,itillardqc@ihg.com,872-297-8497,Manager
950,gulsterqd,gbennetqd@google.com.hk,524-840-2663,Manager
951,einggallqe,gtraylenqe@amazonaws.com,740-760-5004,Manager
952,plarensonqf,gkirkmanqf@tmall.com,728-227-0153,Organizer
953,ecoxhellqg,gogbornqg@tinyurl.com,891-666-4725,Organizer
954,gjosselsonqh,vwraighteqh@hhs.gov,150-776-1856,Manager
955,gprandinqi,modonnellyqi@sciencedirect.com,711-378-2913,Organizer
956,bmachinqj,gcaldairouqj@microsoft.com,255-722-6016,Organizer
957,gjulyqk,gpetroulisqk@netlog.com,845-496-1743,Manager
958,amacgillivrayql,cpeirpointql@sphinn.com,963-679-0569,Manager
959,dabrahamowitczqm,sgeytonqm@bigcartel.com,188-526-5938,Organizer
960,rambresinqn,ddabelsqn@symantec.com,934-153-5522,Organizer
961,llewcockqo,rbaldocciqo@bluehost.com,572-946-1193,Manager
962,gkirsteinqp,mgilchrestqp@house.gov,852-253-2972,Manager
963,cmartinotqq,ptregonaqq@admin.ch,957-560-0257,Manager
964,oshouteqr,mblanninqr@goo.ne.jp,661-260-7107,Manager
965,achaimqs,ashutteqs@theatlantic.com,470-324-0967,Manager
966,cwicksteadqt,rismayqt@domainmarket.com,939-439-3707,Manager
967,pfosberryqu,csydequ@oracle.com,969-601-7531,Manager
968,aohmqv,aaleksandrovqv@stanford.edu,322-467-3397,Manager
969,lradsdaleqw,maringtonqw@alibaba.com,818-149-3721,Manager
970,nfordyqx,xgervaiseqx@cdc.gov,417-987-9550,Manager
971,mduntonqy,edulieuqy@nih.gov,262-580-5883,Organizer
972,mseedqz,cborthramqz@flavors.me,301-849-5441,Organizer
973,pambager0,ddrieur0@zdnet.com,246-162-4449,Organizer
974,gsawkinr1,ileybanr1@tiny.cc,433-968-1654,Organizer
975,lrawetr2,dmalekr2@google.com.au,464-484-7190,Manager
976,iicomr3,jkilduffr3@unc.edu,504-491-7843,Organizer
977,lmeirr4,tdowzellr4@ycombinator.com,786-455-9619,Organizer
978,cconer5,smanachr5@ted.com,257-915-6147,Organizer
979,gfitzgeraldr6,tbarsbyr6@geocities.jp,908-669-3663,Manager
980,cdalyellr7,tworrillr7@mail.ru,550-720-4621,Organizer
981,redmundr8,bcullumr8@mysql.com,591-111-7633,Manager
982,lsollemer9,rcolicotr9@cocolog-nifty.com,906-782-8238,Organizer
983,kcisarra,hamphlettra@shutterfly.com,375-703-3460,Organizer
984,jjirurb,gorkneyrb@altervista.org,446-949-0322,Organizer
985,lelvidgerc,chamorrc@psu.edu,417-128-7673,Manager
986,wtitchenerrd,opoulsomrd@pagesperso-orange.fr,292-883-7912,Manager
987,fgwilliamsre,cbodyre@geocities.com,825-849-1263,Organizer
988,btollowrf,skidwellrf@bbb.org,555-868-3288,Organizer
989,amaccallamrg,wgatcliffrg@google.pl,743-172-3740,Manager
990,lmackallrh,mcurrallrh@ow.ly,895-347-1293,Organizer
991,csebyerri,alowranceri@meetup.com,867-236-5056,Manager
992,ndarrelrj,fmccroaryrj@timesonline.co.uk,941-627-3057,Organizer
993,ielderrk,mspadottork@mapquest.com,529-469-3421,Organizer
994,kmebsrl,yjerattrl@eventbrite.com,849-614-5244,Organizer
995,mwinbornrm,msharlandrm@zimbio.com,443-176-3707,Organizer
996,arickeardrn,cloudern@wikispaces.com,293-411-1354,Manager
997,jhackletonro,dblatcherro@freewebs.com,526-817-3037,Organizer
998,jkobpacrp,gbeazleyrp@usgs.gov,893-508-8961,Manager
999,cbeevorsrq,nlobberq@uiuc.edu,481-865-9195,Organizer
1000,dfarmiloerr,hspelwoodrr@noaa.gov,755-561-5491,Manager
